implementation,command,sample,wall_us,user_us,system_us,peak_rss_kib,minor_faults,major_faults,voluntary_context_switches,involuntary_context_switches
go,root-help,0,6631.167,3199.000,5332.000,13436,819,0,76,0
rust,root-help,0,3218.116,0.000,3154.000,6772,351,0,1,0
rust,root-help,1,3226.871,1052.000,2105.000,6644,350,0,1,0
go,root-help,1,5929.760,4900.000,2940.000,13176,749,0,67,0
go,root-help,2,6136.658,2953.000,4922.000,13304,793,0,64,0
rust,root-help,2,3200.284,0.000,3128.000,6584,349,0,1,0
rust,root-help,3,2279.401,0.000,2170.000,6556,351,0,1,0
go,root-help,3,8655.641,3100.000,7233.000,13432,798,0,79,0
go,root-help,4,6526.011,2089.000,6269.000,13556,837,0,70,2
rust,root-help,4,2657.953,850.000,1701.000,6672,350,0,1,1
rust,root-help,5,3772.848,1237.000,2474.000,6600,348,0,1,0
go,root-help,5,7324.591,4841.000,4841.000,13172,768,0,74,0
go,root-help,6,6128.943,5810.000,2324.000,13524,852,0,68,0
rust,root-help,6,2328.294,0.000,2254.000,6452,351,0,1,0
rust,root-help,7,2157.434,0.000,2071.000,6720,349,0,1,0
go,root-help,7,8615.014,3204.000,7476.000,13276,804,0,92,0
go,root-help,8,6660.242,2278.000,5695.000,13564,827,0,74,0
rust,root-help,8,3543.778,1132.000,2264.000,6792,351,0,1,1
rust,root-help,9,3002.000,944.000,1889.000,6648,349,0,1,1
go,root-help,9,6513.817,1020.000,7146.000,13204,765,0,74,0
go,root-help,10,6462.451,5797.000,2319.000,13152,806,0,77,0
rust,root-help,10,2965.922,0.000,2866.000,6548,349,0,1,0
rust,root-help,11,3503.293,0.000,3392.000,6676,351,0,1,0
go,root-help,11,4522.126,4497.000,1499.000,13428,815,0,61,0
go,root-help,12,8255.109,4683.000,5854.000,13548,842,0,82,0
rust,root-help,12,3936.316,0.000,3835.000,6572,349,0,1,0
rust,root-help,13,2514.503,0.000,2404.000,6712,349,0,1,0
go,root-help,13,9008.434,4698.000,7048.000,13308,802,0,93,0
go,root-help,14,7076.154,2181.000,6543.000,13532,836,0,84,0
rust,root-help,14,3482.162,849.000,2547.000,6692,351,0,1,0
rust,root-help,15,3595.886,1158.000,2316.000,6740,351,0,1,1
go,root-help,15,5922.317,1540.000,6162.000,13244,799,0,68,1
go,root-help,16,5861.251,2257.000,5643.000,13164,769,0,69,0
rust,root-help,16,2466.464,793.000,1586.000,6680,350,0,1,0
rust,root-help,17,3604.271,0.000,3535.000,6592,349,0,1,0
go,root-help,17,8202.770,4143.000,6215.000,13212,805,0,79,0
go,root-help,18,9314.849,4413.000,7356.000,13420,802,0,97,0
rust,root-help,18,4323.923,2106.000,2106.000,6452,349,0,1,0
rust,root-help,19,2722.995,0.000,2601.000,6800,351,0,1,0
go,root-help,19,6460.418,1998.000,6993.000,13308,813,0,70,0
go,root-help,20,8972.957,2204.000,8818.000,13564,822,0,82,1
rust,root-help,20,2608.600,837.000,1675.000,6496,349,0,1,0
rust,root-help,21,3473.125,1133.000,2266.000,6396,355,0,1,0
go,root-help,21,6495.271,2700.000,6751.000,13164,773,0,71,0
go,root-help,22,8398.518,5885.000,4904.000,13532,837,0,91,0
rust,root-help,22,4194.961,1644.000,2466.000,6632,349,0,1,0
rust,root-help,23,3749.384,1220.000,2441.000,6604,351,0,1,0
go,root-help,23,9007.792,6598.000,5498.000,13532,847,0,92,0
go,root-help,24,7901.133,5607.000,4486.000,13292,794,0,74,1
rust,root-help,24,3351.687,0.000,3194.000,6548,349,0,1,1
rust,root-help,25,2011.048,0.000,1902.000,6284,351,0,1,0
go,root-help,25,6185.330,3466.000,4621.000,13176,746,0,64,0
go,root-help,26,7346.752,6230.000,3115.000,13476,806,0,71,0
rust,root-help,26,2414.346,0.000,2301.000,6736,351,0,1,1
rust,root-help,27,2308.387,1113.000,1113.000,6660,349,0,1,0
go,root-help,27,5704.978,2749.000,4582.000,13240,803,0,73,0
go,root-help,28,8143.689,6304.000,4202.000,13420,816,0,76,0
rust,root-help,28,3376.514,0.000,3258.000,6632,351,0,1,0
rust,root-help,29,2184.593,1045.000,1045.000,6624,350,0,1,0
go,root-help,29,6755.321,4452.000,3339.000,13544,833,0,65,2
go,root-help,30,5328.640,1971.000,4929.000,13272,831,0,72,0
rust,root-help,30,2437.570,1185.000,1185.000,6600,349,0,1,0
rust,root-help,31,1857.730,0.000,1800.000,6800,351,0,1,0
go,root-help,31,5922.667,1735.000,6072.000,13420,829,0,60,2
go,root-help,32,6535.046,0.000,8282.000,13436,804,0,62,0
rust,root-help,32,3540.412,1713.000,1713.000,6668,349,0,1,0
rust,root-help,33,2286.656,0.000,2204.000,6660,350,0,1,0
go,root-help,33,8223.619,3096.000,7224.000,13404,794,0,87,0
go,root-help,34,7461.808,3553.000,5923.000,13564,836,0,71,0
rust,root-help,34,2624.401,1699.000,849.000,6684,350,0,1,0
rust,root-help,35,3535.162,2300.000,1150.000,6492,350,0,1,0
go,root-help,35,6596.552,4195.000,4195.000,13556,827,0,79,0
go,root-help,36,6747.978,5049.000,3786.000,13148,754,0,80,0
rust,root-help,36,2437.659,1181.000,1181.000,6840,350,0,1,0
rust,root-help,37,2889.108,926.000,1853.000,6688,350,0,1,0
go,root-help,37,5330.264,3120.000,4160.000,13420,829,0,70,2
go,root-help,38,8008.775,2252.000,5632.000,13104,751,0,48,0
rust,root-help,38,3477.754,0.000,3381.000,6732,350,0,1,1
rust,root-help,39,2294.470,0.000,2215.000,6588,350,0,1,0
go,root-help,39,6447.513,4038.000,4038.000,13532,822,0,75,0
go,root-help,40,6060.816,2180.000,5451.000,13404,788,0,68,2
rust,root-help,40,3658.041,1191.000,2382.000,6520,350,0,1,0
rust,root-help,41,1628.720,0.000,1534.000,6704,351,0,1,0
go,root-help,41,6646.446,4820.000,3615.000,13304,783,0,73,0
go,root-help,42,5217.171,1679.000,4197.000,13436,797,0,69,1
rust,root-help,42,4271.596,2065.000,2065.000,6668,350,0,1,1
rust,root-help,43,1796.655,0.000,1679.000,6760,350,0,1,0
go,root-help,43,4753.912,2138.000,4277.000,13020,762,0,66,0
go,root-help,44,4871.002,2368.000,3552.000,13212,803,0,60,0
rust,root-help,44,2556.431,0.000,1981.000,6700,350,0,1,1
rust,root-help,45,1789.743,844.000,844.000,6556,353,0,1,0
go,root-help,45,4216.561,5481.000,0.000,13180,751,0,58,0
go,root-help,46,4026.955,2078.000,3118.000,13148,746,0,45,0
rust,root-help,46,1911.261,0.000,1860.000,6496,349,0,1,0
rust,root-help,47,1768.453,858.000,858.000,6472,352,0,1,0
go,root-help,47,4190.373,1584.000,3960.000,13600,838,0,56,0
go,root-help,48,4725.296,2011.000,4022.000,13468,834,0,59,0
rust,root-help,48,2402.012,0.000,2354.000,6668,350,0,1,0
rust,root-help,49,2013.272,0.000,1965.000,6688,350,0,1,0
go,root-help,49,6098.287,3255.000,4340.000,13416,793,0,73,1
go,root-help,50,5596.425,1113.000,5566.000,13560,829,0,76,1
rust,root-help,50,1869.501,0.000,1790.000,6344,350,0,1,1
rust,root-help,51,1609.183,0.000,1540.000,6856,351,0,1,0
go,root-help,51,4593.299,3922.000,1307.000,13292,801,0,57,1
go,root-help,52,5700.769,2074.000,5186.000,13604,858,0,74,0
rust,root-help,52,2410.038,1160.000,1160.000,6476,349,0,1,0
rust,root-help,53,1644.239,0.000,1570.000,6712,348,0,1,0
go,root-help,53,4466.119,4087.000,1362.000,13604,836,0,58,0
go,root-help,54,4641.330,771.000,4626.000,13436,819,0,59,2
rust,root-help,54,1866.777,0.000,1811.000,6656,351,0,1,0
rust,root-help,55,2004.915,967.000,967.000,6528,350,0,1,0
go,root-help,55,4262.397,2563.000,2563.000,13404,818,0,59,0
go,root-help,56,4410.376,2680.000,2680.000,13432,817,0,58,0
rust,root-help,56,1742.825,0.000,1691.000,6652,350,0,1,0
rust,root-help,57,1528.260,0.000,1476.000,6548,350,0,1,0
go,root-help,57,3921.427,1624.000,3249.000,13420,836,0,57,0
go,root-help,58,4333.461,2735.000,2735.000,13428,804,0,57,0
rust,root-help,58,1799.352,0.000,1756.000,6648,350,0,1,0
rust,root-help,59,1387.266,0.000,1349.000,6600,352,0,1,0
go,root-help,59,6560.164,2562.000,2562.000,13276,770,0,54,0
go,root-help,60,4559.656,0.000,5725.000,13308,783,0,54,0
rust,root-help,60,2396.362,0.000,2343.000,6716,349,0,1,0
rust,root-help,61,1892.095,0.000,1858.000,6632,350,0,1,0
go,root-help,61,4212.563,2690.000,2690.000,13180,757,0,55,0
go,root-help,62,5624.497,1286.000,5789.000,13420,795,0,69,0
rust,root-help,62,2391.703,1163.000,1163.000,6672,349,0,1,0
rust,root-help,63,3087.210,0.000,3035.000,6828,352,0,1,0
go,root-help,63,5630.508,2404.000,4809.000,13564,836,0,67,0
go,root-help,64,6786.039,2259.000,6779.000,13564,853,0,70,0
rust,root-help,64,2582.391,1246.000,1246.000,6680,351,0,1,0
rust,root-help,65,2459.851,0.000,2380.000,6648,349,0,1,0
go,root-help,65,4200.792,3199.000,2399.000,13420,807,0,59,0
go,root-help,66,5070.375,2120.000,4240.000,13440,811,0,61,0
rust,root-help,66,2463.859,0.000,2391.000,6544,349,0,1,0
rust,root-help,67,1942.861,1821.000,0.000,6412,356,0,1,1
go,root-help,67,5411.786,4033.000,2688.000,13560,830,0,64,0
go,root-help,68,4520.453,4297.000,1432.000,13204,795,0,62,0
rust,root-help,68,3267.499,0.000,2629.000,6696,351,0,1,1
rust,root-help,69,3060.810,1971.000,985.000,6560,349,0,1,1
go,root-help,69,6691.682,6203.000,2067.000,13436,798,0,81,1
go,root-help,70,6426.525,1136.000,6818.000,13432,811,0,74,0
rust,root-help,70,2475.991,0.000,2379.000,6852,351,0,1,0
rust,root-help,71,3239.706,0.000,3112.000,6480,350,0,1,0
go,root-help,71,5779.688,3064.000,4596.000,13164,769,0,71,0
go,root-help,72,5720.177,4836.000,2418.000,13420,805,0,70,0
rust,root-help,72,2549.460,0.000,2467.000,6716,350,0,1,0
rust,root-help,73,3341.047,1086.000,2173.000,6812,351,0,1,1
go,root-help,73,5574.102,4562.000,2737.000,13276,776,0,66,0
go,root-help,74,8685.326,6656.000,3993.000,13436,809,0,90,1
rust,root-help,74,4632.603,986.000,2960.000,6664,351,0,1,0
rust,root-help,75,2693.210,0.000,2584.000,6564,350,0,1,0
go,root-help,75,7412.937,5321.000,4256.000,13180,768,0,84,0
go,root-help,76,5689.880,2831.000,4718.000,13300,804,0,74,0
rust,root-help,76,2311.603,0.000,2221.000,6488,350,0,1,0
rust,root-help,77,2817.353,0.000,2737.000,6580,349,0,1,0
go,root-help,77,6884.113,6236.000,2494.000,13340,814,0,72,0
go,root-help,78,8405.972,3620.000,7240.000,13416,834,0,79,2
rust,root-help,78,3327.471,0.000,3245.000,6564,350,0,1,1
rust,root-help,79,2873.599,928.000,1857.000,6612,350,0,1,0
go,root-help,79,4554.276,1226.000,4906.000,13436,800,0,65,0
go,root-help,80,6521.091,5380.000,2690.000,13472,839,0,81,0
rust,root-help,80,2007.881,972.000,972.000,6588,349,0,1,1
rust,root-help,81,2619.442,2563.000,0.000,6588,349,0,1,0
go,root-help,81,4406.137,889.000,4446.000,13556,833,0,62,0
go,root-help,82,4772.855,2886.000,2886.000,13420,816,0,66,0
rust,root-help,82,2395.892,1164.000,1164.000,6592,351,0,1,0
rust,root-help,83,2389.629,1152.000,1152.000,6580,351,0,1,0
go,root-help,83,4071.258,0.000,4945.000,13180,770,0,58,0
go,root-help,84,4211.823,2728.000,2728.000,13436,814,0,60,1
rust,root-help,84,2216.944,0.000,2125.000,6648,349,0,1,1
rust,root-help,85,2280.574,1108.000,1108.000,6720,349,0,1,0
go,root-help,85,9454.873,3301.000,7703.000,13396,836,0,96,1
go,root-help,86,7800.455,2826.000,7065.000,13440,819,0,86,0
rust,root-help,86,2555.170,1212.000,1212.000,6556,350,0,1,0
rust,root-help,87,2985.599,0.000,2837.000,6632,348,0,1,0
go,root-help,87,6012.906,2149.000,5372.000,13436,822,0,74,0
go,root-help,88,4346.035,2695.000,2695.000,13216,753,0,48,0
rust,root-help,88,1845.398,0.000,1755.000,6640,349,0,1,0
rust,root-help,89,3275.213,779.000,2339.000,6644,349,0,1,0
go,root-help,89,7370.287,4218.000,5273.000,13564,824,0,82,0
go,root-help,90,8091.331,4475.000,5370.000,13276,775,0,85,1
rust,root-help,90,2212.296,1051.000,1051.000,6696,348,0,1,0
rust,root-help,91,1683.312,0.000,1549.000,6420,351,0,1,1
go,root-help,91,8732.976,3958.000,6928.000,13288,801,0,81,0
go,root-help,92,6887.699,3529.000,5882.000,13604,849,0,68,0
rust,root-help,92,2084.526,0.000,1955.000,6632,348,0,1,0
rust,root-help,93,2401.832,1134.000,1134.000,6280,356,0,1,0
go,root-help,93,7817.726,6336.000,3168.000,13432,803,0,89,0
go,root-help,94,5533.976,1084.000,5965.000,13404,806,0,71,0
rust,root-help,94,2265.767,1105.000,1105.000,6472,351,0,1,0
rust,root-help,95,2663.654,1728.000,864.000,6572,350,0,1,0
go,root-help,95,5113.856,6757.000,0.000,13420,814,0,60,0
go,root-help,96,5355.772,2041.000,5104.000,13292,804,0,59,0
rust,root-help,96,3581.378,865.000,2595.000,6428,351,0,1,1
rust,root-help,97,3670.506,2362.000,1181.000,6512,350,0,1,0
go,root-help,97,5992.148,1453.000,5815.000,13176,751,0,63,1
go,root-help,98,6650.274,3636.000,4848.000,13436,816,0,76,2
rust,root-help,98,2038.018,0.000,1962.000,6612,349,0,1,0
rust,root-help,99,1909.658,0.000,1844.000,6560,352,0,1,0
go,root-help,99,5878.945,4854.000,2427.000,13168,782,0,80,0
go,root-help,100,6914.730,6048.000,2419.000,13260,803,0,82,0
rust,root-help,100,1998.865,972.000,972.000,6556,349,0,1,0
rust,root-help,101,2655.719,866.000,1732.000,6680,349,0,1,0
go,root-help,101,5343.919,2322.000,4644.000,13436,794,0,62,0
go,root-help,102,5105.282,4432.000,1773.000,13084,764,0,48,1
rust,root-help,102,2019.845,0.000,1955.000,6540,352,0,1,0
rust,root-help,103,2626.825,0.000,2558.000,6664,350,0,1,0
go,root-help,103,4936.244,1880.000,4700.000,13492,851,0,65,1
go,root-help,104,5441.493,4443.000,2221.000,13404,835,0,61,0
rust,root-help,104,1996.952,0.000,1933.000,6724,349,0,1,0
rust,root-help,105,2076.361,0.000,1997.000,6336,355,0,1,0
go,root-help,105,4897.521,2414.000,4024.000,13476,804,0,69,2
go,root-help,106,4873.927,3108.000,3108.000,13476,821,0,68,2
rust,root-help,106,2742.683,894.000,1789.000,6724,350,0,1,0
rust,root-help,107,3417.800,0.000,3354.000,6712,350,0,1,0
go,root-help,107,7301.508,2243.000,6730.000,13476,805,0,79,0
go,root-help,108,8228.768,5665.000,4532.000,13420,832,0,82,2
rust,root-help,108,3485.067,2274.000,1137.000,6668,351,0,1,0
rust,root-help,109,2971.864,0.000,2878.000,6812,351,0,1,0
go,root-help,109,6817.307,6442.000,2576.000,13160,764,0,79,0
go,root-help,110,8402.586,5677.000,4542.000,13120,784,0,89,3
rust,root-help,110,2992.713,1446.000,1446.000,6792,350,0,1,0
rust,root-help,111,3153.624,0.000,3086.000,6556,351,0,1,0
go,root-help,111,6883.862,4715.000,3536.000,13216,756,0,72,2
go,root-help,112,7296.779,6465.000,2586.000,13224,822,0,87,0
rust,root-help,112,3225.188,1047.000,2095.000,6588,351,0,1,0
rust,root-help,113,3654.815,0.000,3602.000,6600,349,0,1,0
go,root-help,113,4839.633,1095.000,5475.000,13240,802,0,60,3
go,root-help,114,4383.966,1944.000,3888.000,13428,788,0,58,1
rust,root-help,114,2886.974,1896.000,948.000,6228,356,0,1,0
rust,root-help,115,1617.158,0.000,1569.000,6660,348,0,1,0
go,root-help,115,7718.901,5664.000,4248.000,13344,795,0,91,0
go,root-help,116,8823.135,5486.000,4572.000,13404,800,0,66,3
rust,root-help,116,2549.580,0.000,2487.000,6572,349,0,1,1
rust,root-help,117,2617.106,1281.000,1281.000,6372,350,0,1,0
go,root-help,117,5925.643,3637.000,5456.000,13204,782,0,66,1
go,root-help,118,8314.520,6460.000,3876.000,13436,812,0,75,2
rust,root-help,118,2489.989,1180.000,1180.000,6560,351,0,1,0
rust,root-help,119,2203.761,1057.000,1057.000,6668,349,0,1,0
go,root-help,119,5981.867,2623.000,5246.000,13180,750,0,68,0
go,root-help,120,6329.120,4170.000,4170.000,13432,814,0,70,0
rust,root-help,120,2476.603,0.000,2388.000,6480,353,0,1,0
rust,root-help,121,3895.849,1917.000,1917.000,6724,348,0,1,0
go,root-help,121,8849.324,5118.000,6398.000,13544,851,0,79,3
go,root-help,122,7463.632,7622.000,2177.000,13428,818,0,84,1
rust,root-help,122,2148.987,0.000,2020.000,6576,350,0,1,0
rust,root-help,123,5580.644,2245.000,2245.000,6484,349,0,1,1
go,root-help,123,10243.974,6459.000,6459.000,13404,820,0,92,0
go,root-help,124,6202.682,1198.000,5990.000,13404,828,0,76,0
rust,root-help,124,2544.159,1234.000,1234.000,6624,349,0,1,0
rust,root-help,125,4737.621,1019.000,3059.000,6600,350,0,1,1
go,root-help,125,6096.793,0.000,8272.000,13436,814,0,58,0
go,root-help,126,7030.127,3119.000,7279.000,13148,754,0,61,1
rust,root-help,126,2310.090,1112.000,1112.000,6752,350,0,1,0
rust,root-help,127,2433.862,2316.000,0.000,6656,350,0,1,0
go,root-help,127,4812.170,2046.000,4092.000,13440,805,0,59,0
go,root-help,128,5353.788,3953.000,2635.000,13340,813,0,52,0
rust,root-help,128,2381.815,1157.000,1157.000,6724,351,0,1,0
rust,root-help,129,1987.144,0.000,1878.000,6284,358,0,1,0
go,root-help,129,4509.292,2467.000,3701.000,13564,848,0,61,0
go,root-help,130,6017.044,2983.000,3978.000,13132,772,0,73,1
rust,root-help,130,2049.901,976.000,976.000,6656,349,0,1,0
rust,root-help,131,1886.674,1797.000,0.000,6572,350,0,1,0
go,root-help,131,5023.999,4774.000,1909.000,13304,822,0,62,0
go,root-help,132,5270.942,3790.000,2526.000,13248,794,0,62,0
rust,root-help,132,3059.989,996.000,1992.000,6684,350,0,1,0
rust,root-help,133,2458.187,789.000,1579.000,6272,355,0,1,0
go,root-help,133,5300.297,3393.000,3393.000,13312,797,0,59,0
go,root-help,134,5322.710,2560.000,4267.000,13548,834,0,67,0
rust,root-help,134,2635.260,0.000,2590.000,6684,350,0,1,0
rust,root-help,135,2266.908,0.000,2220.000,6676,350,0,1,0
go,root-help,135,5024.600,2527.000,3791.000,13292,793,0,64,0
go,root-help,136,4232.091,1733.000,3466.000,13148,789,0,58,0
rust,root-help,136,1681.670,0.000,1617.000,6516,349,0,1,0
rust,root-help,137,1573.525,760.000,760.000,6600,349,0,1,0
go,root-help,137,6455.969,3144.000,5241.000,13432,829,0,86,0
go,root-help,138,6171.184,2282.000,5324.000,13416,816,0,79,0
rust,root-help,138,2729.247,1048.000,1048.000,6608,351,0,1,1
rust,root-help,139,2797.244,0.000,2751.000,6748,350,0,1,0
go,root-help,139,4310.818,4214.000,1404.000,13180,764,0,60,0
go,root-help,140,5708.524,1415.000,5660.000,13164,753,0,68,0
rust,root-help,140,1827.904,0.000,1776.000,6680,349,0,1,0
rust,root-help,141,1564.430,0.000,1499.000,6732,351,0,1,0
go,root-help,141,4837.127,3171.000,3171.000,13560,848,0,71,0
go,root-help,142,5544.536,888.000,6219.000,13096,775,0,62,0
rust,root-help,142,3879.859,957.000,2871.000,6704,350,0,1,0
rust,root-help,143,1949.714,0.000,1882.000,6652,351,0,1,0
go,root-help,143,4844.671,2126.000,4252.000,13404,817,0,65,0
go,root-help,144,4346.626,4143.000,1381.000,13404,809,0,55,0
rust,root-help,144,3564.045,0.000,3503.000,6780,352,0,1,0
rust,root-help,145,3660.107,0.000,3592.000,6604,350,0,1,0
go,root-help,145,9425.717,6438.000,5365.000,13300,793,0,89,0
go,root-help,146,7200.417,4491.000,4491.000,13436,806,0,87,0
rust,root-help,146,2866.545,1834.000,917.000,6688,350,0,1,1
rust,root-help,147,2694.583,0.000,2613.000,6368,350,0,1,0
go,root-help,147,8064.820,4508.000,5635.000,13504,838,0,90,0
go,root-help,148,5989.152,5322.000,2661.000,13404,836,0,76,0
rust,root-help,148,2413.564,1159.000,1159.000,6600,349,0,1,0
rust,root-help,149,3034.881,0.000,2926.000,6720,351,0,1,1
go,root-help,149,6711.938,2173.000,6521.000,13568,828,0,66,0
go,root-help,150,8313.900,6612.000,4408.000,13348,800,0,79,1
rust,root-help,150,3526.084,1725.000,1725.000,6640,349,0,1,0
rust,root-help,151,2909.927,946.000,1893.000,6596,351,0,1,0
go,root-help,151,5898.270,2080.000,6240.000,13212,804,0,71,0
go,root-help,152,7502.805,4895.000,4895.000,13220,766,0,60,0
rust,root-help,152,2450.594,784.000,1568.000,6556,349,0,1,0
rust,root-help,153,3581.930,2319.000,1159.000,6232,357,0,1,0
go,root-help,153,9579.797,2642.000,9687.000,13476,792,0,83,1
go,root-help,154,9436.347,5926.000,5926.000,13184,747,0,84,0
rust,root-help,154,3465.080,0.000,3358.000,6656,350,0,1,0
rust,root-help,155,2728.916,0.000,2607.000,6648,351,0,1,0
go,root-help,155,5292.652,4484.000,2242.000,13436,791,0,61,0
go,root-help,156,6125.368,3750.000,3750.000,13404,821,0,76,0
rust,root-help,156,2739.686,889.000,1778.000,6728,348,0,1,0
rust,root-help,157,2356.558,1119.000,1119.000,6684,351,0,1,0
go,root-help,157,6002.887,3994.000,3994.000,13436,824,0,69,0
go,root-help,158,5098.368,2217.000,4434.000,13404,808,0,64,0
rust,root-help,158,2551.824,0.000,1996.000,6848,350,0,1,1
rust,root-help,159,2581.109,0.000,2487.000,6672,350,0,1,0
go,root-help,159,5096.224,2001.000,5004.000,13436,822,0,62,0
go,root-help,160,9312.183,6052.000,4842.000,13104,782,0,82,1
rust,root-help,160,3464.980,0.000,3366.000,6664,350,0,1,0
rust,root-help,161,3943.698,952.000,2856.000,6656,350,0,1,0
go,root-help,161,6192.154,4449.000,4449.000,13180,776,0,72,1
go,root-help,162,8562.274,2665.000,7997.000,13600,856,0,67,2
rust,root-help,162,2506.970,1197.000,1197.000,6684,350,0,1,1
rust,root-help,163,3610.072,1160.000,2321.000,6540,349,0,1,0
go,root-help,163,7574.120,5872.000,2936.000,13476,829,0,72,6
go,root-help,164,5422.477,2813.000,3750.000,13216,768,0,67,5
rust,root-help,164,2131.924,1031.000,1031.000,6652,350,0,1,0
rust,root-help,165,2428.371,0.000,2360.000,6540,349,0,1,0
go,root-help,165,4824.163,3511.000,2341.000,13216,748,0,63,4
go,root-help,166,4847.567,1272.000,5089.000,13404,804,0,63,5
rust,root-help,166,2893.937,1151.000,1151.000,6664,350,0,1,1
rust,root-help,167,2199.382,0.000,1956.000,6556,349,0,1,0
go,root-help,167,6171.514,4387.000,2925.000,13404,819,0,67,4
go,root-help,168,6102.374,5623.000,2249.000,13428,805,0,67,3
rust,root-help,168,2318.395,0.000,2220.000,6408,355,0,1,1
rust,root-help,169,3310.210,0.000,3204.000,6616,351,0,1,1
go,root-help,169,4710.228,1551.000,4654.000,13436,805,0,62,0
go,root-help,170,5501.105,4065.000,3049.000,13148,758,0,69,2
rust,root-help,170,2473.307,1198.000,1198.000,6592,350,0,1,0
rust,root-help,171,1663.153,0.000,1586.000,6556,349,0,1,0
go,root-help,171,5043.204,957.000,5746.000,13436,829,0,74,0
go,root-help,172,5537.995,1973.000,4934.000,13440,810,0,73,0
rust,root-help,172,1878.870,0.000,1773.000,6720,348,0,1,0
rust,root-help,173,1538.670,0.000,1438.000,6552,350,0,1,1
go,root-help,173,5093.179,1799.000,4497.000,13404,794,0,57,0
go,root-help,174,6158.961,1322.000,6612.000,13304,798,0,71,0
rust,root-help,174,2275.004,895.000,895.000,6668,349,0,1,1
rust,root-help,175,1883.949,0.000,1766.000,6560,350,0,1,0
go,root-help,175,5853.657,1127.000,6763.000,13604,844,0,76,0
go,root-help,176,7113.834,2562.000,6406.000,13564,840,0,83,0
rust,root-help,176,2673.883,1300.000,1300.000,6724,350,0,1,0
rust,root-help,177,2544.972,0.000,2475.000,6724,349,0,1,0
go,root-help,177,5773.968,1087.000,6526.000,13416,813,0,63,0
go,root-help,178,5325.464,3839.000,2879.000,13404,818,0,65,0
rust,root-help,178,2250.468,0.000,2160.000,6588,350,0,1,1
rust,root-help,179,2411.770,770.000,1540.000,6632,351,0,1,0
go,root-help,179,5016.524,0.000,6393.000,13180,764,0,68,1
go,root-help,180,6119.155,3851.000,3851.000,13404,831,0,78,1
rust,root-help,180,2979.346,0.000,2365.000,6564,350,0,1,1
rust,root-help,181,2353.782,1133.000,1133.000,6784,352,0,1,0
go,root-help,181,4947.725,3422.000,3422.000,13604,864,0,74,0
go,root-help,182,5873.274,2954.000,3939.000,13404,821,0,72,1
rust,root-help,182,2122.888,0.000,2062.000,6500,350,0,1,0
rust,root-help,183,2299.650,1118.000,1118.000,6792,349,0,1,1
go,root-help,183,4884.636,2069.000,4139.000,13420,812,0,68,0
go,root-help,184,4350.252,2368.000,3158.000,13228,788,0,58,0
rust,root-help,184,2382.676,1164.000,1164.000,6596,350,0,1,0
rust,root-help,185,1966.104,948.000,948.000,6592,350,0,1,0
go,root-help,185,4762.808,2334.000,3502.000,13476,808,0,69,0
go,root-help,186,4604.310,4303.000,1434.000,13436,808,0,67,1
rust,root-help,186,2523.380,1210.000,1210.000,6604,350,0,1,0
rust,root-help,187,1933.582,0.000,1834.000,6712,350,0,1,0
go,root-help,187,4645.737,2424.000,3636.000,13292,815,0,62,1
go,root-help,188,5696.282,1229.000,6149.000,13180,772,0,72,0
rust,root-help,188,2535.043,814.000,1629.000,6596,350,0,1,0
rust,root-help,189,2324.868,0.000,2215.000,6580,349,0,1,0
go,root-help,189,5995.644,4843.000,2905.000,13176,759,0,67,1
go,root-help,190,5641.909,6440.000,1073.000,13300,793,0,61,0
rust,root-help,190,2833.704,0.000,2147.000,6388,356,0,1,1
rust,root-help,191,2239.869,1067.000,1067.000,6576,350,0,1,0
go,root-help,191,6231.947,2126.000,5317.000,13180,782,0,83,1
go,root-help,192,6161.977,1282.000,6414.000,13340,817,0,72,0
rust,root-help,192,2659.285,869.000,1738.000,6816,351,0,1,0
rust,root-help,193,2090.146,1021.000,1021.000,6616,351,0,1,0
go,root-help,193,5794.545,3166.000,4221.000,13164,757,0,79,0
go,root-help,194,4614.108,2927.000,2927.000,13420,809,0,67,0
rust,root-help,194,2442.549,0.000,2377.000,6640,348,0,1,0
rust,root-help,195,2823.172,2714.000,0.000,6700,350,0,1,0
go,root-help,195,4573.783,3031.000,3031.000,13288,788,0,68,0
go,root-help,196,5695.140,3631.000,3631.000,13288,790,0,73,0
rust,root-help,196,2183.603,0.000,2064.000,6856,351,0,1,1
rust,root-help,197,2228.977,714.000,1429.000,6676,350,0,1,1
go,root-help,197,4560.287,3531.000,2354.000,13432,818,0,63,0
go,root-help,198,6630.616,4659.000,3494.000,13404,803,0,84,0
rust,root-help,198,2780.945,0.000,2709.000,6664,349,0,1,0
rust,root-help,199,2845.286,1372.000,1372.000,6720,350,0,1,0
go,root-help,199,5083.890,2795.000,3727.000,13404,843,0,70,0
go,root-help,200,5084.122,1306.000,5226.000,13404,800,0,63,0
rust,root-help,200,3884.598,0.000,3822.000,6580,351,0,0,1
rust,root-help,201,1977.666,0.000,1883.000,6620,350,0,1,0
go,root-help,201,4868.257,1234.000,4937.000,13236,789,0,51,2
go,root-help,202,10478.786,4831.000,8455.000,13436,832,0,93,0
rust,root-help,202,4253.692,2095.000,2095.000,6556,349,0,1,0
rust,root-help,203,3760.244,917.000,2753.000,6572,351,0,1,0
go,root-help,203,7692.542,4187.000,5234.000,13348,817,0,93,0
go,root-help,204,8920.147,5719.000,5719.000,13480,848,0,89,0
rust,root-help,204,3943.228,2525.000,1262.000,6708,350,0,1,0
rust,root-help,205,3010.587,0.000,2840.000,6608,350,0,1,1
go,root-help,205,9417.902,5133.000,6159.000,13340,833,0,97,2
go,root-help,206,9669.646,3032.000,9098.000,13404,804,0,81,0
rust,root-help,206,2919.776,0.000,2839.000,6704,351,0,1,0
rust,root-help,207,2727.534,1311.000,1311.000,6504,352,0,1,0
go,root-help,207,6916.243,2999.000,5999.000,13340,826,0,78,0
go,root-help,208,6562.479,2457.000,6142.000,13228,828,0,81,0
rust,root-help,208,3743.303,898.000,2694.000,6520,350,0,1,1
rust,root-help,209,2479.428,0.000,2328.000,6684,350,0,1,0
go,root-help,209,9586.489,3499.000,7874.000,13500,830,0,98,1
go,root-help,210,5870.579,1757.000,6150.000,13436,820,0,66,0
rust,root-help,210,3717.183,1186.000,2373.000,6600,350,0,1,1
rust,root-help,211,3908.563,2486.000,1243.000,6696,350,0,1,0
go,root-help,211,8473.268,4597.000,5746.000,13436,817,0,82,0
go,root-help,212,8189.125,5763.000,4802.000,13288,807,0,78,0
rust,root-help,212,3378.287,0.000,3250.000,6552,350,0,1,0
rust,root-help,213,3595.716,3453.000,0.000,6548,350,0,1,0
go,root-help,213,5822.679,5087.000,2543.000,13128,758,0,66,0
go,root-help,214,8540.684,4733.000,5916.000,13180,754,0,91,0
rust,root-help,214,2249.065,1081.000,1081.000,6764,350,0,1,0
rust,root-help,215,2112.850,0.000,1999.000,6732,351,0,1,1
go,root-help,215,8786.577,6090.000,4872.000,13532,846,0,70,0
go,root-help,216,7629.954,4914.000,4914.000,13344,805,0,70,0
rust,root-help,216,3680.455,982.000,1964.000,6692,349,0,1,1
rust,root-help,217,3400.268,2210.000,1105.000,6644,349,0,1,0
go,root-help,217,6005.302,3310.000,4413.000,13436,809,0,65,0
go,root-help,218,7149.902,5517.000,3310.000,13600,837,0,80,0
rust,root-help,218,2884.670,0.000,2752.000,6748,348,0,1,0
rust,root-help,219,3240.968,0.000,3113.000,6668,351,0,1,0
go,root-help,219,8124.724,9684.000,0.000,13472,832,0,87,2
go,root-help,220,5655.856,4958.000,2479.000,13176,767,0,67,0
rust,root-help,220,2904.908,0.000,2760.000,6860,353,0,1,0
rust,root-help,221,3274.040,1054.000,2108.000,6532,348,0,1,1
go,root-help,221,8662.865,3593.000,6289.000,13340,804,0,81,2
go,root-help,222,7541.899,4825.000,4825.000,13148,775,0,78,1
rust,root-help,222,3082.401,0.000,2977.000,6632,348,0,1,1
rust,root-help,223,3301.302,0.000,2567.000,6464,353,0,1,1
go,root-help,223,8041.057,3223.000,6447.000,13348,807,0,59,0
go,root-help,224,6393.811,5367.000,2683.000,13472,822,0,72,0
rust,root-help,224,4069.826,981.000,2944.000,6620,349,0,1,0
rust,root-help,225,2225.400,1056.000,1056.000,6708,350,0,1,0
go,root-help,225,9276.939,5406.000,6487.000,13432,804,0,80,0
go,root-help,226,5775.089,3807.000,3807.000,13432,810,0,70,0
rust,root-help,226,3775.693,1207.000,2415.000,6684,352,0,1,0
rust,root-help,227,3394.797,0.000,3288.000,6680,349,0,1,0
go,root-help,227,6207.322,1413.000,7068.000,13304,783,0,64,0
go,root-help,228,9140.932,5233.000,6280.000,13560,834,0,83,1
rust,root-help,228,3450.482,0.000,3337.000,6280,351,0,1,0
rust,root-help,229,3643.956,1123.000,2247.000,6672,350,0,1,0
go,root-help,229,6959.114,3595.000,4793.000,13244,810,0,69,0
go,root-help,230,10026.426,3683.000,8594.000,13404,815,0,91,0
rust,root-help,230,2734.306,0.000,2606.000,6332,355,0,1,0
rust,root-help,231,2674.845,1719.000,859.000,6636,349,0,1,0
go,root-help,231,5934.980,2228.000,5571.000,13432,810,0,70,0
go,root-help,232,6585.924,2086.000,6259.000,13436,807,0,78,0
rust,root-help,232,3010.767,0.000,2927.000,6540,348,0,1,0
rust,root-help,233,2812.924,0.000,2716.000,6696,350,0,1,0
go,root-help,233,6628.724,3550.000,5325.000,13436,820,0,76,0
go,root-help,234,6011.654,2425.000,5659.000,13180,755,0,71,0
rust,root-help,234,2798.096,1342.000,1342.000,6724,349,0,1,0
rust,root-help,235,2060.451,0.000,2001.000,6564,349,0,1,0
go,root-help,235,6050.276,3617.000,4823.000,13148,776,0,68,2
go,root-help,236,8722.136,4795.000,5994.000,13468,824,0,86,0
rust,root-help,236,3417.701,1094.000,2189.000,6580,349,0,1,0
rust,root-help,237,2518.953,1197.000,1197.000,6684,350,0,1,0
go,root-help,237,9995.457,3826.000,8608.000,13564,836,0,88,1
go,root-help,238,8696.918,4916.000,6145.000,13276,779,0,86,0
rust,root-help,238,3842.319,0.000,3706.000,6664,350,0,1,1
rust,root-help,239,2607.969,1221.000,1221.000,6680,350,0,1,0
go,root-help,239,8832.973,4962.000,6202.000,13396,800,0,81,0
go,root-help,240,8728.118,3375.000,6751.000,13468,827,0,77,2
rust,root-help,240,3841.707,1847.000,1847.000,6472,349,0,1,1
rust,root-help,241,3132.095,0.000,2980.000,6684,349,0,0,0
go,root-help,241,8708.881,2397.000,8391.000,13184,747,0,93,0
go,root-help,242,7246.052,2396.000,7189.000,13500,837,0,74,0
rust,root-help,242,2371.725,0.000,2307.000,6588,351,0,1,0
rust,root-help,243,3050.902,994.000,1988.000,6728,349,0,1,0
go,root-help,243,8884.782,3712.000,7424.000,13440,815,0,92,0
go,root-help,244,9026.858,7154.000,4088.000,13164,773,0,94,0
rust,root-help,244,2203.801,2104.000,0.000,6612,350,0,1,0
rust,root-help,245,3770.293,911.000,2735.000,6676,349,0,1,0
go,root-help,245,8396.915,5625.000,5625.000,13220,766,0,89,0
go,root-help,246,5640.485,1161.000,6966.000,13440,824,0,67,1
rust,root-help,246,2892.604,938.000,1876.000,6572,350,0,1,0
rust,root-help,247,2535.444,1219.000,1219.000,6744,350,0,1,0
go,root-help,247,9493.184,4596.000,6435.000,13476,816,0,83,2
go,root-help,248,6310.455,3670.000,4587.000,13564,819,0,69,0
rust,root-help,248,2532.247,1220.000,1220.000,6748,350,0,1,0
rust,root-help,249,2484.036,0.000,2392.000,6732,349,0,1,1
go,root-help,249,7980.052,3765.000,6589.000,13308,805,0,90,1
go,root-help,250,7247.065,1220.000,8542.000,12968,773,0,78,0
rust,root-help,250,3159.475,0.000,3040.000,6664,350,0,1,1
rust,root-help,251,2462.807,1150.000,1150.000,6592,350,0,1,1
go,root-help,251,7714.774,6239.000,4159.000,13084,771,0,86,0
go,root-help,252,7768.925,3816.000,6360.000,13176,774,0,80,1
rust,root-help,252,2974.558,0.000,2859.000,6556,350,0,1,0
rust,root-help,253,3243.624,1045.000,2091.000,6672,353,0,1,0
go,root-help,253,4756.255,1688.000,5065.000,13344,809,0,64,0
go,root-help,254,5513.888,4494.000,2996.000,13472,833,0,65,1
rust,root-help,254,3680.304,0.000,3604.000,6852,351,0,1,0
rust,root-help,255,3510.976,0.000,3429.000,6692,351,0,1,0
go,root-help,255,8000.230,5626.000,4501.000,13392,814,0,82,2
go,root-help,256,8199.463,5402.000,4322.000,13436,819,0,83,0
rust,root-help,256,3686.315,2348.000,1174.000,6628,350,0,1,1
rust,root-help,257,1904.979,914.000,914.000,6684,350,0,1,0
go,root-help,257,4877.031,2103.000,4207.000,13436,815,0,54,0
go,root-help,258,5547.052,4237.000,3178.000,13276,819,0,71,0
rust,root-help,258,3755.115,981.000,1962.000,6716,349,0,1,1
rust,root-help,259,2250.497,0.000,2081.000,6600,350,0,1,0
go,root-help,259,5235.485,4404.000,3303.000,13476,811,0,72,4
go,root-help,260,5728.502,5081.000,2540.000,13476,797,0,67,2
rust,root-help,260,3459.690,1131.000,2263.000,6684,349,0,1,0
rust,root-help,261,2729.528,1081.000,1081.000,6724,351,0,1,1
go,root-help,261,9423.574,6470.000,5391.000,13348,809,0,80,0
go,root-help,262,5101.383,2137.000,4275.000,13184,769,0,64,0
rust,root-help,262,2353.342,0.000,2243.000,6796,351,0,1,0
rust,root-help,263,1948.971,0.000,1838.000,6240,355,0,1,0
go,root-help,263,7087.356,3816.000,6361.000,13308,804,0,75,0
go,root-help,264,6482.789,5346.000,2673.000,13368,830,0,80,1
rust,root-help,264,1859.815,0.000,1771.000,6560,352,0,1,0
rust,root-help,265,2435.264,771.000,1543.000,6412,351,0,1,0
go,root-help,265,7844.658,5180.000,5180.000,13348,792,0,74,0
go,root-help,266,7890.795,7077.000,2830.000,13108,784,0,80,0
rust,root-help,266,3198.328,774.000,2323.000,6560,349,0,1,1
rust,root-help,267,2431.307,0.000,2335.000,6684,349,0,1,0
go,root-help,267,5019.571,2507.000,4179.000,13160,764,0,66,0
go,root-help,268,5329.031,4482.000,2241.000,13308,805,0,65,0
rust,root-help,268,2338.954,0.000,2257.000,6680,351,0,1,0
rust,root-help,269,1688.573,0.000,1617.000,6732,351,0,1,0
go,root-help,269,5095.353,6381.000,0.000,13432,794,0,61,0
go,root-help,270,4810.557,1504.000,4513.000,13180,774,0,52,0
rust,root-help,270,3064.107,0.000,2990.000,6684,350,0,1,1
rust,root-help,271,1865.625,0.000,1766.000,6720,352,0,1,0
go,root-help,271,4991.698,3231.000,3231.000,13532,848,0,56,0
go,root-help,272,4698.587,1169.000,4678.000,13532,822,0,67,0
rust,root-help,272,2002.973,970.000,970.000,6664,350,0,1,0
rust,root-help,273,2675.937,1093.000,1093.000,6664,352,0,1,1
go,root-help,273,6288.944,1708.000,5980.000,13488,841,0,60,0
go,root-help,274,5236.789,2093.000,4187.000,13164,768,0,59,2
rust,root-help,274,2917.091,0.000,2846.000,6652,349,0,1,0
rust,root-help,275,2001.269,0.000,1928.000,6604,349,0,1,0
go,root-help,275,6802.981,5135.000,3081.000,13468,829,0,69,0
go,root-help,276,5414.062,986.000,5920.000,13404,807,0,63,0
rust,root-help,276,2365.223,1148.000,1148.000,6424,350,0,1,0
rust,root-help,277,2406.360,0.000,2347.000,6472,350,0,1,0
go,root-help,277,5802.060,2795.000,4659.000,13564,836,0,63,0
go,root-help,278,7862.491,2982.000,6958.000,13216,772,0,86,0
rust,root-help,278,2770.696,902.000,1804.000,6732,351,0,1,0
rust,root-help,279,1732.655,0.000,1633.000,6624,350,0,1,0
go,root-help,279,6867.281,3753.000,4691.000,13560,819,0,76,2
go,root-help,280,5551.649,2033.000,5083.000,13244,807,0,66,0
rust,root-help,280,2121.135,0.000,2052.000,6572,350,0,1,1
rust,root-help,281,3046.234,0.000,2969.000,6476,349,0,1,0
go,root-help,281,5356.022,2705.000,4057.000,13436,801,0,59,0
go,root-help,282,4323.242,1399.000,4199.000,13276,780,0,53,0
rust,root-help,282,3765.514,924.000,2773.000,6716,349,0,1,0
rust,root-help,283,3510.285,0.000,3437.000,6548,349,0,1,0
go,root-help,283,5461.992,3340.000,3340.000,13148,753,0,57,1
go,root-help,284,4786.832,2948.000,2948.000,13220,746,0,59,0
rust,root-help,284,2227.955,0.000,2138.000,6608,351,0,1,0
rust,root-help,285,1900.731,0.000,1813.000,6592,350,0,1,0
go,root-help,285,5168.289,4260.000,2130.000,13276,798,0,65,0
go,root-help,286,4893.783,1759.000,4397.000,13404,816,0,66,0
rust,root-help,286,2005.428,967.000,967.000,6344,350,0,1,1
rust,root-help,287,2417.522,1177.000,1177.000,6736,349,0,1,0
go,root-help,287,4440.412,2185.000,3278.000,13404,797,0,56,0
go,root-help,288,5462.362,2195.000,4390.000,13164,753,0,67,0
rust,root-help,288,2010.417,965.000,965.000,6656,351,0,1,0
rust,root-help,289,2180.657,0.000,2121.000,6800,350,0,1,0
go,root-help,289,4684.590,1762.000,4405.000,13472,822,0,70,1
go,root-help,290,5148.262,1178.000,4715.000,13428,838,0,66,0
rust,root-help,290,1917.061,926.000,926.000,6352,356,0,1,1
rust,root-help,291,1609.243,0.000,1551.000,6752,349,0,1,0
go,root-help,291,4378.917,2704.000,2704.000,13180,761,0,61,0
go,root-help,292,4653.202,4595.000,1148.000,13392,819,0,70,1
rust,root-help,292,2044.831,993.000,993.000,6732,351,0,1,0
rust,root-help,293,1997.362,968.000,968.000,6640,350,0,1,0
go,root-help,293,4532.485,2318.000,3477.000,13436,818,0,61,0
go,root-help,294,4523.428,3427.000,2284.000,13404,798,0,64,0
rust,root-help,294,2308.787,0.000,2244.000,6552,352,0,1,0
rust,root-help,295,1660.559,795.000,795.000,6548,350,0,1,0
go,root-help,295,5223.112,1979.000,3959.000,13476,811,0,67,2
go,root-help,296,5491.677,2138.000,4277.000,13308,813,0,64,1
rust,root-help,296,2303.777,0.000,2238.000,6744,350,0,1,0
rust,root-help,297,1822.103,882.000,882.000,6608,350,0,1,0
go,root-help,297,4566.608,2787.000,2787.000,13084,750,0,68,0
go,root-help,298,4512.477,0.000,5490.000,13308,792,0,63,0
rust,root-help,298,1901.212,1836.000,0.000,6600,350,0,1,0
rust,root-help,299,1927.921,931.000,931.000,6408,352,0,1,0
go,root-help,299,4844.710,1225.000,4902.000,13404,804,0,64,0
go,episodes-create-help,0,5623.895,2031.000,5079.000,13340,810,0,74,0
rust,episodes-create-help,0,2365.784,0.000,2292.000,6716,353,0,1,0
rust,episodes-create-help,1,2795.121,1792.000,896.000,6792,351,0,1,0
go,episodes-create-help,1,6439.628,1976.000,5929.000,13336,829,0,78,0
go,episodes-create-help,2,6046.890,2404.000,4809.000,13420,826,0,67,1
rust,episodes-create-help,2,2269.463,0.000,2194.000,6752,353,0,1,0
rust,episodes-create-help,3,1682.310,0.000,1619.000,6632,350,0,1,0
go,episodes-create-help,3,5037.795,2754.000,3672.000,13276,786,0,68,0
go,episodes-create-help,4,5787.182,1824.000,5473.000,13436,804,0,76,0
rust,episodes-create-help,4,2131.934,1002.000,1002.000,6748,351,0,1,0
rust,episodes-create-help,5,2044.992,964.000,964.000,6728,351,0,1,0
go,episodes-create-help,5,5808.863,2452.000,4904.000,13148,750,0,77,0
go,episodes-create-help,6,5166.787,3999.000,2666.000,13568,816,0,68,0
rust,episodes-create-help,6,3617.436,0.000,3502.000,6744,352,0,1,0
rust,episodes-create-help,7,2288.209,0.000,2181.000,6724,350,0,1,0
go,episodes-create-help,7,8714.200,5059.000,6070.000,13476,793,0,75,1
go,episodes-create-help,8,6087.466,3449.000,4599.000,13404,790,0,68,0
rust,episodes-create-help,8,3121.444,0.000,3003.000,6712,350,0,1,1
rust,episodes-create-help,9,3276.566,1564.000,1564.000,6764,349,0,1,0
go,episodes-create-help,9,8182.934,5651.000,4521.000,13476,813,0,83,0
go,episodes-create-help,10,5826.065,4489.000,3367.000,13020,774,0,71,0
rust,episodes-create-help,10,3099.774,1000.000,2001.000,6644,350,0,1,0
rust,episodes-create-help,11,4248.591,2061.000,2061.000,6816,351,0,1,0
go,episodes-create-help,11,5069.213,1599.000,5596.000,13340,791,0,67,0
go,episodes-create-help,12,8857.069,2744.000,8234.000,13544,836,0,85,0
rust,episodes-create-help,12,2967.977,956.000,1913.000,6780,351,0,1,1
rust,episodes-create-help,13,2399.218,0.000,2311.000,6748,352,0,1,0
go,episodes-create-help,13,5697.724,2500.000,5000.000,13340,812,0,69,0
go,episodes-create-help,14,6161.464,5830.000,2332.000,13440,823,0,77,2
rust,episodes-create-help,14,3244.445,0.000,3144.000,6876,353,0,0,1
rust,episodes-create-help,15,2836.238,1348.000,1348.000,6408,357,0,1,1
go,episodes-create-help,15,5863.206,5054.000,2527.000,13308,784,0,69,0
go,episodes-create-help,16,4583.951,836.000,5021.000,13176,762,0,59,0
rust,episodes-create-help,16,1871.085,888.000,888.000,6680,354,0,1,1
rust,episodes-create-help,17,2417.010,1170.000,1170.000,6628,350,0,1,0
go,episodes-create-help,17,4748.571,3688.000,2459.000,13396,806,0,66,0
go,episodes-create-help,18,4920.965,2546.000,3819.000,13356,821,0,62,4
rust,episodes-create-help,18,2374.251,0.000,1903.000,6624,352,0,1,1
rust,episodes-create-help,19,3968.747,973.000,2919.000,6652,352,0,1,0
go,episodes-create-help,19,6099.158,0.000,7899.000,13148,759,0,81,0
go,episodes-create-help,20,4872.755,3893.000,2595.000,13532,790,0,66,0
rust,episodes-create-help,20,2141.904,1031.000,1031.000,6728,351,0,1,0
rust,episodes-create-help,21,2358.611,1136.000,1136.000,6600,350,0,1,0
go,episodes-create-help,21,4374.239,1370.000,4111.000,13180,750,0,61,0
go,episodes-create-help,22,4961.020,2328.000,3881.000,13428,820,0,60,0
rust,episodes-create-help,22,1986.532,0.000,1899.000,6504,358,0,1,0
rust,episodes-create-help,23,2225.851,0.000,2180.000,6852,351,0,1,0
go,episodes-create-help,23,4437.246,2400.000,3200.000,13476,823,0,67,0
go,episodes-create-help,24,4542.815,4249.000,1416.000,13604,826,0,61,2
rust,episodes-create-help,24,1928.552,937.000,937.000,6684,355,0,1,0
rust,episodes-create-help,25,1685.776,0.000,1630.000,6716,352,0,1,0
go,episodes-create-help,25,5057.702,3071.000,3071.000,13352,792,0,57,0
go,episodes-create-help,26,5344.109,4045.000,2697.000,13548,838,0,74,0
rust,episodes-create-help,26,2341.890,1130.000,1130.000,6832,352,0,1,0
rust,episodes-create-help,27,1996.822,971.000,971.000,6812,353,0,1,0
go,episodes-create-help,27,4393.113,3445.000,2296.000,13292,781,0,57,0
go,episodes-create-help,28,7681.261,1075.000,8604.000,13300,785,0,89,0
rust,episodes-create-help,28,2066.442,0.000,2025.000,6736,351,0,1,0
rust,episodes-create-help,29,3696.745,897.000,2692.000,6536,354,0,1,0
go,episodes-create-help,29,8360.226,4681.000,5852.000,13432,817,0,82,2
go,episodes-create-help,30,8506.109,3179.000,7419.000,13420,821,0,90,0
rust,episodes-create-help,30,3497.541,2258.000,1129.000,6644,351,0,1,0
rust,episodes-create-help,31,3654.356,886.000,2658.000,6688,351,0,1,0
go,episodes-create-help,31,7980.724,4066.000,6099.000,13568,809,0,84,1
go,episodes-create-help,32,9454.390,4593.000,6890.000,13404,839,0,87,0
rust,episodes-create-help,32,3213.878,0.000,3105.000,6800,355,0,1,0
rust,episodes-create-help,33,2532.798,1225.000,1225.000,6776,352,0,1,0
go,episodes-create-help,33,9752.621,4044.000,10111.000,13308,818,0,84,0
go,episodes-create-help,34,6083.499,1171.000,7031.000,13432,828,0,65,1
rust,episodes-create-help,34,4193.268,1028.000,3085.000,6856,353,0,1,0
rust,episodes-create-help,35,2618.348,839.000,1678.000,6768,350,0,1,0
go,episodes-create-help,35,6565.114,3245.000,5680.000,13176,749,0,67,2
go,episodes-create-help,36,6189.027,2227.000,5569.000,13404,801,0,73,0
rust,episodes-create-help,36,2806.753,0.000,2739.000,6700,350,0,1,0
rust,episodes-create-help,37,2579.707,0.000,2503.000,6672,350,0,1,0
go,episodes-create-help,37,6634.574,4818.000,3613.000,13340,806,0,69,0
go,episodes-create-help,38,7909.629,5998.000,4498.000,13176,768,0,74,0
rust,episodes-create-help,38,3878.287,0.000,3805.000,6496,358,0,1,0
rust,episodes-create-help,39,2572.783,0.000,2469.000,6640,352,0,1,0
go,episodes-create-help,39,7291.598,4850.000,4850.000,13628,862,0,86,0
go,episodes-create-help,40,6894.272,5871.000,2935.000,13356,828,0,74,1
rust,episodes-create-help,40,2536.534,0.000,2424.000,6720,350,0,1,0
rust,episodes-create-help,41,4488.452,1095.000,3286.000,6760,349,0,1,0
go,episodes-create-help,41,6907.988,7891.000,1127.000,13404,838,0,73,0
go,episodes-create-help,42,9119.331,4542.000,6813.000,13344,809,0,91,1
rust,episodes-create-help,42,3400.779,0.000,3326.000,6776,351,0,1,0
rust,episodes-create-help,43,2830.538,0.000,2745.000,6800,350,0,1,0
go,episodes-create-help,43,9089.847,4209.000,7365.000,13420,815,0,92,0
go,episodes-create-help,44,6839.248,2846.000,5693.000,13568,835,0,68,0
rust,episodes-create-help,44,3051.132,0.000,2910.000,6776,352,0,1,1
rust,episodes-create-help,45,3319.496,1074.000,2148.000,6688,351,0,1,0
go,episodes-create-help,45,6125.448,2011.000,6033.000,13488,791,0,79,0
go,episodes-create-help,46,5597.966,3560.000,3560.000,13180,757,0,65,0
rust,episodes-create-help,46,2599.284,0.000,2417.000,6624,354,0,1,0
rust,episodes-create-help,47,2094.635,995.000,995.000,6788,353,0,1,0
go,episodes-create-help,47,5459.837,2676.000,4014.000,13584,843,0,64,0
go,episodes-create-help,48,7109.076,2984.000,5969.000,13148,748,0,77,0
rust,episodes-create-help,48,2135.612,1017.000,1017.000,6792,350,0,1,1
rust,episodes-create-help,49,3330.136,811.000,2434.000,6740,351,0,1,0
go,episodes-create-help,49,4736.537,3622.000,2414.000,13420,810,0,68,0
go,episodes-create-help,50,4306.319,1174.000,4697.000,13560,849,0,59,0
rust,episodes-create-help,50,2243.805,0.000,2184.000,6704,352,0,1,0
rust,episodes-create-help,51,1815.630,883.000,883.000,6720,350,0,1,0
go,episodes-create-help,51,4647.611,2270.000,3405.000,13304,819,0,60,0
go,episodes-create-help,52,5217.582,0.000,7196.000,13564,857,0,52,0
rust,episodes-create-help,52,2726.082,1312.000,1312.000,6688,351,0,1,0
rust,episodes-create-help,53,2719.940,862.000,1724.000,6420,357,0,1,0
go,episodes-create-help,53,5069.364,1881.000,4703.000,13180,774,0,66,0
go,episodes-create-help,54,4274.591,5619.000,0.000,13220,757,0,64,0
rust,episodes-create-help,54,4612.294,2661.000,0.000,6788,353,0,1,0
rust,episodes-create-help,55,2647.263,0.000,2503.000,6724,351,0,1,1
go,episodes-create-help,55,5537.834,4207.000,2804.000,13248,762,0,71,0
go,episodes-create-help,56,4783.147,0.000,5753.000,13184,759,0,57,1
rust,episodes-create-help,56,2778.700,0.000,2695.000,6728,351,0,1,0
rust,episodes-create-help,57,2045.513,0.000,1983.000,6772,352,0,1,0
go,episodes-create-help,57,5139.566,2870.000,3827.000,13276,794,0,72,0
go,episodes-create-help,58,4492.911,4082.000,1633.000,13476,792,0,64,0
rust,episodes-create-help,58,1815.461,1758.000,0.000,6800,353,0,1,0
rust,episodes-create-help,59,2158.545,0.000,2050.000,6476,359,0,1,0
go,episodes-create-help,59,5148.642,3256.000,3256.000,13556,834,0,66,1
go,episodes-create-help,60,4888.474,4764.000,1588.000,13532,840,0,66,0
rust,episodes-create-help,60,2186.299,1062.000,1062.000,6672,350,0,1,0
rust,episodes-create-help,61,1842.771,892.000,892.000,6684,355,0,1,0
go,episodes-create-help,61,5612.434,3605.000,3605.000,13476,813,0,73,0
go,episodes-create-help,62,5003.189,1643.000,4929.000,13476,833,0,65,1
rust,episodes-create-help,62,1896.784,919.000,919.000,6792,352,0,1,0
rust,episodes-create-help,63,2493.695,800.000,1600.000,6880,353,0,1,1
go,episodes-create-help,63,5004.081,915.000,5493.000,13532,814,0,63,0
go,episodes-create-help,64,5293.995,2798.000,3731.000,13292,762,0,61,0
rust,episodes-create-help,64,2069.277,2014.000,0.000,6868,352,0,1,0
rust,episodes-create-help,65,2330.398,1121.000,1121.000,6812,352,0,1,0
go,episodes-create-help,65,4726.600,1814.000,4537.000,13436,802,0,61,0
go,episodes-create-help,66,5462.171,999.000,5997.000,13464,838,0,68,1
rust,episodes-create-help,66,2416.860,0.000,2317.000,6692,352,0,1,0
rust,episodes-create-help,67,2138.016,0.000,2049.000,6696,351,0,1,0
go,episodes-create-help,67,4828.190,1570.000,4710.000,13492,796,0,62,0
go,episodes-create-help,68,5217.912,2719.000,4079.000,13436,829,0,68,0
rust,episodes-create-help,68,2585.066,2443.000,0.000,6772,352,0,1,0
rust,episodes-create-help,69,2555.672,806.000,1612.000,6800,351,0,1,0
go,episodes-create-help,69,4655.927,0.000,5835.000,13292,794,0,59,0
go,episodes-create-help,70,7037.191,3242.000,4322.000,13308,795,0,62,0
rust,episodes-create-help,70,2434.793,771.000,1543.000,6864,352,0,1,0
rust,episodes-create-help,71,3051.293,965.000,1930.000,6640,351,0,1,0
go,episodes-create-help,71,5449.057,2066.000,5167.000,13436,822,0,68,0
go,episodes-create-help,72,5826.766,1268.000,6341.000,13420,831,0,76,0
rust,episodes-create-help,72,2428.371,784.000,1569.000,6600,351,0,1,0
rust,episodes-create-help,73,2256.560,1065.000,1065.000,6712,352,0,1,0
go,episodes-create-help,73,5508.298,2290.000,4580.000,13404,808,0,68,0
go,episodes-create-help,74,5293.296,3432.000,3432.000,13436,827,0,74,0
rust,episodes-create-help,74,2065.691,1981.000,0.000,6760,352,0,1,1
rust,episodes-create-help,75,2304.198,0.000,2231.000,6732,351,0,1,0
go,episodes-create-help,75,4854.691,2605.000,3474.000,13340,832,0,71,0
go,episodes-create-help,76,4952.674,969.000,5819.000,13416,832,0,71,0
rust,episodes-create-help,76,2277.679,0.000,2200.000,6704,350,0,1,1
rust,episodes-create-help,77,1840.918,890.000,890.000,6872,352,0,1,0
go,episodes-create-help,77,4825.306,2646.000,3970.000,13404,827,0,73,0
go,episodes-create-help,78,4992.138,931.000,5587.000,13148,777,0,74,0
rust,episodes-create-help,78,1951.517,0.000,1890.000,6648,351,0,1,0
rust,episodes-create-help,79,2023.982,0.000,1931.000,6672,350,0,1,1
go,episodes-create-help,79,5721.108,628.000,6909.000,13440,824,0,61,1
go,episodes-create-help,80,5297.111,1093.000,5465.000,13300,740,0,64,0
rust,episodes-create-help,80,3651.079,0.000,3539.000,6488,356,0,1,0
rust,episodes-create-help,81,2684.753,0.000,2552.000,6684,351,0,1,1
go,episodes-create-help,81,5339.171,3907.000,2930.000,13436,813,0,57,0
go,episodes-create-help,82,5318.802,2006.000,5016.000,13340,821,0,69,1
rust,episodes-create-help,82,2101.358,1011.000,1011.000,6748,350,0,1,0
rust,episodes-create-help,83,2076.652,0.000,1985.000,6628,353,0,1,0
go,episodes-create-help,83,5650.285,2872.000,4308.000,13548,855,0,73,0
go,episodes-create-help,84,5751.345,2411.000,4822.000,13256,770,0,73,0
rust,episodes-create-help,84,2574.136,0.000,2445.000,6692,354,0,1,0
rust,episodes-create-help,85,1981.012,0.000,1841.000,6656,351,0,1,0
go,episodes-create-help,85,5511.213,4015.000,3212.000,13436,808,0,74,0
go,episodes-create-help,86,4984.595,1049.000,5246.000,13164,774,0,64,2
rust,episodes-create-help,86,2143.077,0.000,2041.000,6712,350,0,1,0
rust,episodes-create-help,87,3437.799,0.000,3312.000,6868,353,0,1,1
go,episodes-create-help,87,6609.757,4128.000,3096.000,13180,759,0,57,0
go,episodes-create-help,88,5497.097,1150.000,5751.000,13340,827,0,72,0
rust,episodes-create-help,88,2306.092,1086.000,1086.000,6684,354,0,1,0
rust,episodes-create-help,89,2241.801,1080.000,1080.000,6856,351,0,1,0
go,episodes-create-help,89,5107.736,3097.000,3872.000,13288,790,0,68,0
go,episodes-create-help,90,8602.813,3905.000,6835.000,13304,794,0,85,0
rust,episodes-create-help,90,2409.977,0.000,2322.000,6724,350,0,1,1
rust,episodes-create-help,91,1926.810,918.000,918.000,6760,349,0,1,0
go,episodes-create-help,91,9292.898,7026.000,3513.000,13532,822,0,91,1
go,episodes-create-help,92,5757.066,3369.000,4493.000,13172,771,0,74,0
rust,episodes-create-help,92,3621.593,1757.000,1757.000,6360,358,0,1,1
rust,episodes-create-help,93,1837.823,1728.000,0.000,6792,352,0,1,0
go,episodes-create-help,93,4639.025,3683.000,2455.000,13176,753,0,50,0
go,episodes-create-help,94,5116.984,3640.000,3640.000,13416,800,0,70,0
rust,episodes-create-help,94,3315.789,1075.000,2151.000,6620,351,0,1,1
rust,episodes-create-help,95,2435.666,0.000,2350.000,6736,351,0,1,0
go,episodes-create-help,95,5224.725,1720.000,5160.000,13288,804,0,64,0
go,episodes-create-help,96,7559.883,1288.000,6440.000,13180,756,0,60,0
rust,episodes-create-help,96,2716.173,1747.000,873.000,6752,351,0,1,0
rust,episodes-create-help,97,2674.263,864.000,1729.000,6876,351,0,1,0
go,episodes-create-help,97,4975.217,1341.000,5367.000,13172,772,0,67,0
go,episodes-create-help,98,5008.750,2821.000,4232.000,13164,777,0,61,2
rust,episodes-create-help,98,2413.365,1161.000,1161.000,6800,351,0,1,0
rust,episodes-create-help,99,3693.779,0.000,3610.000,6832,349,0,1,0
go,episodes-create-help,99,4388.204,1477.000,4433.000,13308,797,0,58,0
go,episodes-create-help,100,4771.032,2299.000,3449.000,13348,794,0,66,0
rust,episodes-create-help,100,2472.646,0.000,2049.000,6880,352,0,1,1
rust,episodes-create-help,101,2357.809,1134.000,1134.000,6672,355,0,1,0
go,episodes-create-help,101,4993.290,2520.000,3780.000,13436,853,0,77,0
go,episodes-create-help,102,4512.408,4255.000,1418.000,13496,831,0,69,0
rust,episodes-create-help,102,1701.387,0.000,1649.000,6768,350,0,1,0
rust,episodes-create-help,103,1498.375,0.000,1450.000,6940,352,0,1,0
go,episodes-create-help,103,4643.654,2307.000,3461.000,13180,759,0,63,0
go,episodes-create-help,104,4362.395,1078.000,4313.000,13468,836,0,62,0
rust,episodes-create-help,104,2571.831,1252.000,1252.000,6656,351,0,1,0
rust,episodes-create-help,105,1967.747,950.000,950.000,6804,350,0,1,0
go,episodes-create-help,105,5375.840,1900.000,4750.000,13420,820,0,65,1
go,episodes-create-help,106,5137.671,1061.000,5308.000,13216,747,0,61,0
rust,episodes-create-help,106,1874.121,0.000,1817.000,6888,353,0,1,1
rust,episodes-create-help,107,1495.249,0.000,1450.000,6504,356,0,1,0
go,episodes-create-help,107,4050.129,5277.000,0.000,13292,793,0,55,0
go,episodes-create-help,108,4059.707,1310.000,3932.000,13600,850,0,59,0
rust,episodes-create-help,108,1889.470,0.000,1840.000,6872,352,0,1,0
rust,episodes-create-help,109,1818.736,0.000,1753.000,6744,355,0,1,0
go,episodes-create-help,109,4300.941,2729.000,2729.000,13340,829,0,65,0
go,episodes-create-help,110,4847.226,1056.000,5280.000,13532,845,0,63,0
rust,episodes-create-help,110,1806.012,0.000,1741.000,6720,350,0,1,0
rust,episodes-create-help,111,2199.942,0.000,2121.000,6852,352,0,1,0
go,episodes-create-help,111,6495.292,1634.000,6538.000,13344,809,0,69,0
go,episodes-create-help,112,6096.203,2195.000,5489.000,13404,808,0,72,0
rust,episodes-create-help,112,1729.419,0.000,1670.000,6796,351,0,1,0
rust,episodes-create-help,113,2304.630,1115.000,1115.000,6752,350,0,1,0
go,episodes-create-help,113,6865.288,2435.000,6087.000,13180,767,0,79,0
go,episodes-create-help,114,5750.503,4483.000,2989.000,13532,791,0,67,0
rust,episodes-create-help,114,2282.788,1100.000,1100.000,6668,352,0,1,0
rust,episodes-create-help,115,2420.076,0.000,2368.000,6816,350,0,1,0
go,episodes-create-help,115,5352.917,2738.000,4107.000,13164,745,0,58,0
go,episodes-create-help,116,5771.212,4259.000,3194.000,13436,806,0,69,0
rust,episodes-create-help,116,2345.546,0.000,2264.000,6808,350,0,1,0
rust,episodes-create-help,117,3946.705,0.000,3871.000,6640,351,0,1,0
go,episodes-create-help,117,5532.303,5495.000,1373.000,13164,756,0,68,0
go,episodes-create-help,118,5298.814,1132.000,5661.000,13404,800,0,67,0
rust,episodes-create-help,118,2042.989,0.000,1962.000,6876,350,0,1,0
rust,episodes-create-help,119,3490.327,2243.000,1121.000,6832,352,0,1,0
go,episodes-create-help,119,5420.523,2226.000,4453.000,13556,807,0,69,0
go,episodes-create-help,120,5161.577,1284.000,5137.000,13436,808,0,68,0
rust,episodes-create-help,120,2332.732,1130.000,1130.000,6872,351,0,1,1
rust,episodes-create-help,121,2080.038,1992.000,0.000,6856,352,0,1,0
go,episodes-create-help,121,5836.424,3326.000,3326.000,13176,774,0,69,1
go,episodes-create-help,122,4823.873,3482.000,2611.000,13420,821,0,61,0
rust,episodes-create-help,122,2165.148,2072.000,0.000,6672,350,0,1,0
rust,episodes-create-help,123,2126.435,1019.000,1019.000,6736,350,0,1,0
go,episodes-create-help,123,5904.803,2119.000,5299.000,13436,815,0,73,0
go,episodes-create-help,124,5762.936,5080.000,2032.000,13212,807,0,70,0
rust,episodes-create-help,124,3542.034,1154.000,2309.000,6876,352,0,1,0
rust,episodes-create-help,125,3128.307,1472.000,1472.000,6760,353,0,1,0
go,episodes-create-help,125,5218.203,0.000,7100.000,13420,817,0,65,0
go,episodes-create-help,126,5259.090,3427.000,3427.000,13428,819,0,67,0
rust,episodes-create-help,126,2340.597,1139.000,1139.000,6780,351,0,1,0
rust,episodes-create-help,127,1947.619,1855.000,0.000,6740,352,0,1,0
go,episodes-create-help,127,4583.001,2521.000,3361.000,13112,775,0,67,0
go,episodes-create-help,128,4644.354,1672.000,4181.000,13276,814,0,67,0
rust,episodes-create-help,128,1737.574,0.000,1685.000,6688,351,0,1,0
rust,episodes-create-help,129,1912.814,930.000,930.000,6600,353,0,1,0
go,episodes-create-help,129,5593.889,3931.000,2948.000,13476,823,0,70,1
go,episodes-create-help,130,4896.779,1781.000,4454.000,13440,811,0,73,0
rust,episodes-create-help,130,2072.563,0.000,1965.000,6700,351,0,1,0
rust,episodes-create-help,131,2603.762,1240.000,1240.000,6796,351,0,1,0
go,episodes-create-help,131,5254.491,2637.000,3956.000,13432,830,0,68,0
go,episodes-create-help,132,5041.442,5014.000,1253.000,13404,815,0,78,0
rust,episodes-create-help,132,2164.606,0.000,2089.000,6680,355,0,1,0
rust,episodes-create-help,133,2128.731,832.000,832.000,6676,351,0,1,1
go,episodes-create-help,133,4768.007,4199.000,2099.000,13532,848,0,67,1
go,episodes-create-help,134,4581.417,1149.000,4596.000,13476,806,0,62,0
rust,episodes-create-help,134,2356.847,1134.000,1134.000,6844,350,0,1,0
rust,episodes-create-help,135,1865.446,888.000,888.000,6944,352,0,1,0
go,episodes-create-help,135,4763.910,2041.000,4083.000,13176,766,0,57,0
go,episodes-create-help,136,5417.949,1183.000,5918.000,13216,772,0,67,0
rust,episodes-create-help,136,2279.743,1112.000,1112.000,6796,349,0,1,0
rust,episodes-create-help,137,2441.827,0.000,2375.000,6744,351,0,1,0
go,episodes-create-help,137,4623.486,2897.000,2897.000,13432,804,0,64,0
go,episodes-create-help,138,4840.262,0.000,6068.000,13352,825,0,69,1
rust,episodes-create-help,138,2850.676,0.000,2288.000,6820,352,0,1,1
rust,episodes-create-help,139,2370.132,1136.000,1136.000,6664,351,0,1,0
go,episodes-create-help,139,4461.282,1902.000,3804.000,13428,804,0,67,0
go,episodes-create-help,140,4343.410,3378.000,2252.000,13404,809,0,62,0
rust,episodes-create-help,140,2789.169,0.000,2724.000,6404,356,0,1,0
rust,episodes-create-help,141,2031.717,0.000,1961.000,6716,351,0,1,0
go,episodes-create-help,141,4494.754,0.000,5583.000,13276,796,0,66,0
go,episodes-create-help,142,5648.032,2782.000,4636.000,13432,818,0,64,3
rust,episodes-create-help,142,3833.692,1871.000,1871.000,6816,353,0,1,1
rust,episodes-create-help,143,2725.692,0.000,2625.000,6816,352,0,1,0
go,episodes-create-help,143,7852.552,2483.000,7450.000,13532,856,0,85,0
go,episodes-create-help,144,9191.547,6535.000,4668.000,13568,839,0,93,0
rust,episodes-create-help,144,3483.115,0.000,3389.000,6824,352,0,1,0
rust,episodes-create-help,145,3046.322,0.000,2961.000,6556,351,0,1,0
go,episodes-create-help,145,5668.971,2602.000,5205.000,13564,843,0,71,0
go,episodes-create-help,146,7781.008,4036.000,6054.000,13164,747,0,72,0
rust,episodes-create-help,146,3494.655,846.000,2538.000,6728,356,0,1,1
rust,episodes-create-help,147,2136.273,0.000,2029.000,6616,351,0,1,0
go,episodes-create-help,147,8674.236,5234.000,5234.000,13428,810,0,93,0
go,episodes-create-help,148,6826.566,4404.000,4404.000,13432,806,0,77,0
rust,episodes-create-help,148,3560.038,872.000,2617.000,6688,353,0,1,0
rust,episodes-create-help,149,2171.430,1029.000,1029.000,6344,358,0,1,0
go,episodes-create-help,149,8997.363,5277.000,6332.000,13176,766,0,83,0
go,episodes-create-help,150,6945.919,3341.000,5569.000,13176,762,0,65,0
rust,episodes-create-help,150,2218.428,0.000,2148.000,6840,350,0,1,1
rust,episodes-create-help,151,2148.976,1034.000,1034.000,6876,354,0,1,0
go,episodes-create-help,151,7661.563,5221.000,4177.000,13432,810,0,82,0
go,episodes-create-help,152,5194.559,1882.000,4705.000,13556,836,0,57,0
rust,episodes-create-help,152,2193.961,0.000,2066.000,6692,350,0,1,0
rust,episodes-create-help,153,2655.199,0.000,2533.000,6716,353,0,1,0
go,episodes-create-help,153,4206.573,2785.000,2785.000,13164,758,0,55,0
go,episodes-create-help,154,4907.620,1182.000,4728.000,13180,746,0,58,2
rust,episodes-create-help,154,1939.544,0.000,1861.000,6504,358,0,1,1
rust,episodes-create-help,155,1741.091,0.000,1672.000,6688,355,0,1,0
go,episodes-create-help,155,7227.558,4047.000,5059.000,13564,836,0,73,0
go,episodes-create-help,156,6610.459,4306.000,4306.000,13308,787,0,66,0
rust,episodes-create-help,156,2724.498,0.000,2661.000,6652,351,0,1,0
rust,episodes-create-help,157,2543.579,1231.000,1231.000,6340,358,0,1,0
go,episodes-create-help,157,7017.583,2939.000,5879.000,13160,749,0,67,2
go,episodes-create-help,158,9144.379,4967.000,6209.000,13604,843,0,86,0
rust,episodes-create-help,158,2807.864,0.000,2682.000,6532,354,0,1,0
rust,episodes-create-help,159,2009.856,0.000,1921.000,6832,353,0,1,0
go,episodes-create-help,159,7138.732,4552.000,3414.000,13436,803,0,78,0
go,episodes-create-help,160,4851.724,1187.000,4750.000,13548,835,0,66,0
rust,episodes-create-help,160,4114.200,2008.000,2008.000,6492,357,0,1,1
rust,episodes-create-help,161,2355.676,0.000,2267.000,6608,351,0,1,0
go,episodes-create-help,161,10026.026,6378.000,5315.000,13420,797,0,101,0
go,episodes-create-help,162,9565.751,3568.000,4757.000,13564,836,0,76,0
rust,episodes-create-help,162,2287.897,737.000,1474.000,6744,351,0,1,0
rust,episodes-create-help,163,2665.587,0.000,2544.000,6724,350,0,1,0
go,episodes-create-help,163,8039.032,1237.000,9897.000,13400,819,0,72,1
go,episodes-create-help,164,7482.517,1907.000,8581.000,13544,857,0,57,2
rust,episodes-create-help,164,3182.769,1017.000,2035.000,6480,357,0,1,0
rust,episodes-create-help,165,2751.348,1753.000,876.000,6792,351,0,1,0
go,episodes-create-help,165,6155.704,4698.000,2819.000,13420,820,0,64,1
go,episodes-create-help,166,5521.743,962.000,5777.000,13216,750,0,68,0
rust,episodes-create-help,166,2529.251,1222.000,1222.000,6876,350,0,1,1
rust,episodes-create-help,167,2288.590,0.000,2207.000,6836,351,0,1,0
go,episodes-create-help,167,5526.362,3344.000,3344.000,13176,770,0,72,0
go,episodes-create-help,168,7211.608,4124.000,5774.000,13212,775,0,77,1
rust,episodes-create-help,168,2454.882,789.000,1578.000,6804,351,0,1,1
rust,episodes-create-help,169,2561.343,0.000,2474.000,6720,350,0,1,0
go,episodes-create-help,169,6052.731,2910.000,4851.000,13564,831,0,68,0
go,episodes-create-help,170,5911.144,1204.000,6022.000,13440,808,0,64,0
rust,episodes-create-help,170,2546.004,1637.000,818.000,6792,350,0,1,1
rust,episodes-create-help,171,2297.756,0.000,2199.000,6872,353,0,1,1
go,episodes-create-help,171,6188.075,3994.000,3994.000,13428,778,0,68,0
go,episodes-create-help,172,4935.241,1548.000,4646.000,13160,760,0,69,0
rust,episodes-create-help,172,2059.518,988.000,988.000,6668,355,0,1,0
rust,episodes-create-help,173,1974.229,946.000,946.000,6844,353,0,1,0
go,episodes-create-help,173,5217.001,2428.000,4047.000,13404,845,0,73,0
go,episodes-create-help,174,4793.254,5991.000,0.000,13440,807,0,65,0
rust,episodes-create-help,174,1946.026,0.000,1884.000,6872,351,0,1,0
rust,episodes-create-help,175,1718.398,0.000,1663.000,6708,351,0,1,0
go,episodes-create-help,175,4262.448,1388.000,4164.000,13472,826,0,66,0
go,episodes-create-help,176,4965.478,1060.000,5304.000,13172,778,0,68,0
rust,episodes-create-help,176,2041.645,0.000,1974.000,6408,356,0,1,0
rust,episodes-create-help,177,1787.868,0.000,1727.000,6736,351,0,1,0
go,episodes-create-help,177,4684.773,1757.000,4393.000,13600,819,0,58,1
go,episodes-create-help,178,4521.824,3363.000,2242.000,13548,839,0,67,0
rust,episodes-create-help,178,1923.073,934.000,934.000,6688,352,0,1,0
rust,episodes-create-help,179,1796.875,0.000,1732.000,6828,351,0,1,0
go,episodes-create-help,179,4625.620,3410.000,2273.000,13436,802,0,69,0
go,episodes-create-help,180,4687.105,2958.000,2958.000,13400,836,0,67,0
rust,episodes-create-help,180,1857.510,1787.000,0.000,6728,352,0,1,0
rust,episodes-create-help,181,2202.058,0.000,2126.000,6716,350,0,1,0
go,episodes-create-help,181,4559.035,1660.000,4151.000,13420,808,0,61,0
go,episodes-create-help,182,5475.637,2233.000,4466.000,13416,805,0,72,0
rust,episodes-create-help,182,1866.096,909.000,909.000,6896,352,0,1,0
rust,episodes-create-help,183,1590.438,1542.000,0.000,6720,351,0,1,0
go,episodes-create-help,183,3908.033,2643.000,2643.000,13396,827,0,63,0
go,episodes-create-help,184,4011.816,2146.000,3219.000,13432,813,0,62,1
rust,episodes-create-help,184,1805.031,872.000,872.000,6556,351,0,1,1
rust,episodes-create-help,185,2173.854,1064.000,1064.000,6712,351,0,1,0
go,episodes-create-help,185,4188.849,1280.000,3840.000,13472,806,0,64,1
go,episodes-create-help,186,4493.863,2294.000,3441.000,13432,818,0,62,1
rust,episodes-create-help,186,4218.344,2082.000,2082.000,6824,349,0,1,0
rust,episodes-create-help,187,1941.267,0.000,1896.000,6824,352,0,1,0
go,episodes-create-help,187,3973.895,2496.000,2496.000,13432,799,0,64,0
go,episodes-create-help,188,3929.342,3867.000,966.000,13148,775,0,63,0
rust,episodes-create-help,188,1666.952,0.000,1620.000,6776,351,0,1,0
rust,episodes-create-help,189,1568.386,1516.000,0.000,6408,356,0,1,0
go,episodes-create-help,189,4205.349,2453.000,2453.000,13548,834,0,55,3
go,episodes-create-help,190,3878.597,2916.000,1944.000,13304,793,0,55,0
rust,episodes-create-help,190,3588.971,0.000,3536.000,6876,352,0,1,0
rust,episodes-create-help,191,1880.904,904.000,904.000,6704,352,0,1,0
go,episodes-create-help,191,8034.043,2728.000,7276.000,13232,833,0,94,3
go,episodes-create-help,192,9029.635,5202.000,5202.000,13420,842,0,95,0
rust,episodes-create-help,192,3338.602,2167.000,1083.000,6732,351,0,1,0
rust,episodes-create-help,193,1632.588,1549.000,0.000,6876,352,0,1,0
go,episodes-create-help,193,7940.617,4647.000,4647.000,13428,810,0,84,0
go,episodes-create-help,194,8338.685,6935.000,3467.000,13180,766,0,89,0
rust,episodes-create-help,194,3016.067,0.000,2891.000,6856,350,0,1,1
rust,episodes-create-help,195,3861.234,939.000,2819.000,6632,351,0,1,1
go,episodes-create-help,195,6212.781,2731.000,5463.000,13392,802,0,70,0
go,episodes-create-help,196,6406.395,1821.000,6376.000,13340,808,0,70,0
rust,episodes-create-help,196,2619.370,1270.000,1270.000,6880,351,0,1,0
rust,episodes-create-help,197,3698.128,1808.000,1808.000,6816,353,0,1,0
go,episodes-create-help,197,6448.003,2501.000,6254.000,13184,771,0,74,0
go,episodes-create-help,198,8192.911,4010.000,7018.000,12988,773,0,78,0
rust,episodes-create-help,198,3617.056,1180.000,2360.000,6716,351,0,1,0
rust,episodes-create-help,199,2874.460,0.000,2767.000,6712,352,0,1,0
go,episodes-create-help,199,8156.272,4648.000,5810.000,13148,775,0,75,2
go,episodes-create-help,200,6248.891,2362.000,5905.000,13288,783,0,60,0
rust,episodes-create-help,200,2441.205,0.000,2339.000,6784,352,0,1,0
rust,episodes-create-help,201,4022.186,2932.000,977.000,6784,351,0,1,0
go,episodes-create-help,201,9300.652,6740.000,5616.000,13548,858,0,87,0
go,episodes-create-help,202,6768.977,4509.000,4509.000,12972,752,0,79,0
rust,episodes-create-help,202,4059.597,1992.000,1992.000,6652,351,0,1,0
rust,episodes-create-help,203,4419.903,934.000,2804.000,6804,352,0,1,1
go,episodes-create-help,203,7848.895,4888.000,4888.000,13564,830,0,71,0
go,episodes-create-help,204,5961.130,2256.000,5641.000,13488,824,0,72,2
rust,episodes-create-help,204,2209.222,0.000,2124.000,6868,351,0,1,0
rust,episodes-create-help,205,3669.342,2389.000,1194.000,6408,356,0,1,0
go,episodes-create-help,205,5848.929,2974.000,3966.000,13364,802,0,64,0
go,episodes-create-help,206,5785.429,1816.000,5448.000,13248,811,0,70,0
rust,episodes-create-help,206,2012.962,956.000,956.000,6944,353,0,1,0
rust,episodes-create-help,207,3345.755,0.000,2741.000,6732,353,0,1,1
go,episodes-create-help,207,4800.980,4603.000,1534.000,13428,827,0,68,0
go,episodes-create-help,208,7732.777,5355.000,4284.000,13148,766,0,76,0
rust,episodes-create-help,208,3656.538,881.000,2645.000,6572,350,0,1,0
rust,episodes-create-help,209,3772.948,1192.000,2384.000,6612,351,0,1,1
go,episodes-create-help,209,8446.469,5143.000,5143.000,13564,825,0,86,1
go,episodes-create-help,210,8952.559,2931.000,7816.000,13436,835,0,96,0
rust,episodes-create-help,210,2568.045,0.000,2031.000,6876,351,0,1,1
rust,episodes-create-help,211,3919.653,946.000,2838.000,6728,352,0,1,0
go,episodes-create-help,211,9559.019,2371.000,8300.000,13432,814,0,92,2
go,episodes-create-help,212,7505.581,1857.000,7431.000,13600,857,0,80,0
rust,episodes-create-help,212,3723.355,1213.000,2427.000,6740,351,0,1,0
rust,episodes-create-help,213,3385.610,1084.000,2169.000,6736,350,0,1,1
go,episodes-create-help,213,7160.813,3353.000,5588.000,13544,838,0,75,0
go,episodes-create-help,214,5586.234,1060.000,6362.000,13436,819,0,71,0
rust,episodes-create-help,214,2485.350,1188.000,1188.000,6704,352,0,1,0
rust,episodes-create-help,215,2139.879,1030.000,1030.000,6720,351,0,1,0
go,episodes-create-help,215,7664.920,3751.000,5627.000,13336,809,0,88,1
go,episodes-create-help,216,4612.405,857.000,5144.000,13164,754,0,63,0
rust,episodes-create-help,216,1790.814,0.000,1745.000,6712,350,0,1,0
rust,episodes-create-help,217,2317.624,747.000,1495.000,6696,351,0,1,0
go,episodes-create-help,217,4241.829,2875.000,2875.000,13404,799,0,59,0
go,episodes-create-help,218,4910.005,2987.000,2987.000,13560,838,0,64,0
rust,episodes-create-help,218,2381.685,0.000,1916.000,6744,350,0,1,1
rust,episodes-create-help,219,2455.544,0.000,2318.000,6660,351,0,1,1
go,episodes-create-help,219,4666.076,3121.000,3121.000,13164,745,0,51,0
go,episodes-create-help,220,5498.420,3025.000,4034.000,13304,816,0,66,0
rust,episodes-create-help,220,2232.274,0.000,2143.000,6888,352,0,1,1
rust,episodes-create-help,221,2431.438,0.000,1934.000,6748,350,0,1,1
go,episodes-create-help,221,4479.805,4103.000,1641.000,13224,755,0,64,0
go,episodes-create-help,222,6063.871,3708.000,3708.000,13420,819,0,74,0
rust,episodes-create-help,222,3489.586,0.000,3402.000,6732,352,0,1,1
rust,episodes-create-help,223,3112.978,2009.000,1004.000,6884,352,0,1,0
go,episodes-create-help,223,7495.812,4909.000,4909.000,13436,827,0,90,0
go,episodes-create-help,224,7497.594,5901.000,3540.000,13420,804,0,75,0
rust,episodes-create-help,224,2444.333,1159.000,1159.000,6796,349,0,1,0
rust,episodes-create-help,225,2571.992,0.000,2410.000,6492,357,0,1,0
go,episodes-create-help,225,6581.274,3462.000,5193.000,13468,842,0,72,0
go,episodes-create-help,226,5509.561,1222.000,6110.000,13564,836,0,68,0
rust,episodes-create-help,226,4522.766,0.000,4398.000,6728,355,0,1,1
rust,episodes-create-help,227,2184.133,0.000,2093.000,6600,350,0,1,0
go,episodes-create-help,227,8473.129,4496.000,5620.000,13532,855,0,91,1
go,episodes-create-help,228,8090.169,1020.000,9185.000,13484,834,0,83,1
rust,episodes-create-help,228,2032.488,0.000,1948.000,6812,351,0,1,0
rust,episodes-create-help,229,2006.690,0.000,1884.000,6616,351,0,1,0
go,episodes-create-help,229,4911.267,1355.000,5421.000,13432,831,0,65,0
go,episodes-create-help,230,9197.679,6957.000,3478.000,13432,812,0,84,3
rust,episodes-create-help,230,3864.521,1252.000,2504.000,6668,353,0,1,0
rust,episodes-create-help,231,3779.190,1215.000,2431.000,6688,352,0,1,1
go,episodes-create-help,231,7680.609,983.000,8855.000,13172,761,0,73,0
go,episodes-create-help,232,8432.581,5921.000,4737.000,13184,753,0,85,0
rust,episodes-create-help,232,3465.961,1127.000,2255.000,6896,352,0,1,0
rust,episodes-create-help,233,2868.427,1862.000,931.000,6700,351,0,1,0
go,episodes-create-help,233,5729.924,1858.000,5574.000,13184,768,0,66,0
go,episodes-create-help,234,6265.872,2096.000,4193.000,13532,806,0,60,0
rust,episodes-create-help,234,2798.206,882.000,1765.000,6860,352,0,1,1
rust,episodes-create-help,235,2662.361,1269.000,1269.000,6724,352,0,1,0
go,episodes-create-help,235,5361.103,4016.000,2677.000,13404,821,0,67,0
go,episodes-create-help,236,5289.197,2506.000,3759.000,13276,789,0,72,1
rust,episodes-create-help,236,2186.447,0.000,2101.000,6800,351,0,1,0
rust,episodes-create-help,237,2186.768,1046.000,1046.000,6840,350,0,1,0
go,episodes-create-help,237,4360.231,1608.000,4021.000,13440,806,0,63,0
go,episodes-create-help,238,4526.745,4252.000,1417.000,13420,821,0,68,0
rust,episodes-create-help,238,2105.515,1013.000,1013.000,6792,350,0,1,1
rust,episodes-create-help,239,2523.441,0.000,2440.000,6720,350,0,1,0
go,episodes-create-help,239,5233.120,5275.000,1318.000,13548,831,0,74,2
go,episodes-create-help,240,4902.310,3087.000,3087.000,13432,796,0,59,0
rust,episodes-create-help,240,2055.972,0.000,2001.000,6496,356,0,1,0
rust,episodes-create-help,241,1910.279,0.000,1844.000,6864,352,0,1,0
go,episodes-create-help,241,4322.540,1351.000,4055.000,13340,819,0,67,0
go,episodes-create-help,242,4688.197,3622.000,2414.000,13220,768,0,68,0
rust,episodes-create-help,242,2299.640,623.000,1246.000,6936,353,0,1,1
rust,episodes-create-help,243,2388.437,0.000,2328.000,6756,351,0,1,0
go,episodes-create-help,243,4537.274,2945.000,2945.000,13600,854,0,53,1
go,episodes-create-help,244,4426.887,939.000,4699.000,13416,824,0,64,0
rust,episodes-create-help,244,2081.470,0.000,2009.000,6500,357,0,1,1
rust,episodes-create-help,245,2425.907,0.000,2371.000,6668,352,0,1,0
go,episodes-create-help,245,6988.689,2759.000,4139.000,13404,803,0,90,1
go,episodes-create-help,246,5708.495,2561.000,3842.000,13548,847,0,66,1
rust,episodes-create-help,246,2581.530,0.000,2525.000,6744,352,0,1,0
rust,episodes-create-help,247,2809.979,0.000,2741.000,6792,352,0,1,1
go,episodes-create-help,247,4718.424,0.000,5955.000,13492,803,0,67,1
go,episodes-create-help,248,4787.164,925.000,5555.000,13404,812,0,64,0
rust,episodes-create-help,248,2508.442,0.000,2410.000,6804,350,0,1,1
rust,episodes-create-help,249,2380.083,1129.000,1129.000,6668,352,0,1,0
go,episodes-create-help,249,6104.739,4323.000,3458.000,13308,809,0,69,0
go,episodes-create-help,250,4413.902,2412.000,3217.000,13084,763,0,56,0
rust,episodes-create-help,250,1948.181,0.000,1872.000,6792,352,0,1,0
rust,episodes-create-help,251,1713.840,1645.000,0.000,6728,352,0,1,0
go,episodes-create-help,251,5353.567,3421.000,3421.000,13556,835,0,80,0
go,episodes-create-help,252,7716.006,5657.000,3771.000,13420,815,0,86,0
rust,episodes-create-help,252,2842.701,0.000,2735.000,6756,351,0,1,1
rust,episodes-create-help,253,3849.181,932.000,2798.000,6664,350,0,1,1
go,episodes-create-help,253,6637.880,2801.000,5602.000,13340,820,0,70,0
go,episodes-create-help,254,5366.442,3873.000,2904.000,13276,813,0,65,0
rust,episodes-create-help,254,2485.138,795.000,1590.000,6528,351,0,1,1
rust,episodes-create-help,255,3264.783,1053.000,2107.000,6488,356,0,1,0
go,episodes-create-help,255,9883.639,5431.000,6517.000,13536,808,0,92,1
go,episodes-create-help,256,6887.809,2270.000,5677.000,13420,808,0,73,2
rust,episodes-create-help,256,3674.514,0.000,3604.000,6668,351,0,1,0
rust,episodes-create-help,257,3627.524,2657.000,885.000,6856,352,0,1,0
go,episodes-create-help,257,9184.775,6897.000,4598.000,13416,824,0,91,0
go,episodes-create-help,258,5786.280,3284.000,4105.000,13436,827,0,67,0
rust,episodes-create-help,258,2129.320,1024.000,1024.000,6808,351,0,1,0
rust,episodes-create-help,259,2062.386,988.000,988.000,6700,351,0,1,0
go,episodes-create-help,259,4422.028,943.000,4718.000,13392,795,0,64,0
go,episodes-create-help,260,6709.665,2624.000,5248.000,13564,830,0,78,0
rust,episodes-create-help,260,1905.170,911.000,911.000,6684,351,0,1,0
rust,episodes-create-help,261,3236.359,0.000,3151.000,6808,354,0,1,0
go,episodes-create-help,261,5426.645,2839.000,4259.000,13276,800,0,66,0
go,episodes-create-help,262,5316.797,5536.000,1107.000,13440,795,0,61,0
rust,episodes-create-help,262,2933.922,945.000,1890.000,6816,350,0,1,1
rust,episodes-create-help,263,2059.831,0.000,1984.000,6832,352,0,1,0
go,episodes-create-help,263,5836.164,2491.000,4983.000,13292,809,0,65,0
go,episodes-create-help,264,6242.217,5164.000,2582.000,13416,810,0,79,0
rust,episodes-create-help,264,2667.893,1284.000,1284.000,6816,351,0,1,0
rust,episodes-create-help,265,1502.272,0.000,1443.000,6916,352,0,1,0
go,episodes-create-help,265,5190.440,3953.000,2635.000,13236,749,0,66,0
go,episodes-create-help,266,6421.243,3408.000,4260.000,13240,795,0,80,0
rust,episodes-create-help,266,3376.675,824.000,2474.000,6632,351,0,1,0
rust,episodes-create-help,267,1916.068,0.000,1854.000,6752,351,0,1,0
go,episodes-create-help,267,7751.311,6777.000,2259.000,13172,762,0,79,1
go,episodes-create-help,268,10719.990,6722.000,6722.000,13420,806,0,92,0
rust,episodes-create-help,268,2901.761,0.000,2775.000,6828,351,0,1,0
rust,episodes-create-help,269,2088.904,0.000,1929.000,6876,351,0,1,0
go,episodes-create-help,269,6969.633,3392.000,5654.000,13432,820,0,84,0
go,episodes-create-help,270,8699.924,7605.000,3802.000,13480,818,0,88,0
rust,episodes-create-help,270,3511.648,1133.000,2267.000,6776,351,0,1,1
rust,episodes-create-help,271,3619.120,0.000,3455.000,6676,352,0,1,0
go,episodes-create-help,271,6030.280,3006.000,5011.000,13416,822,0,63,0
go,episodes-create-help,272,8174.397,2016.000,8064.000,13436,819,0,76,0
rust,episodes-create-help,272,3045.502,980.000,1960.000,6544,351,0,1,1
rust,episodes-create-help,273,3168.302,1010.000,2021.000,6344,358,0,1,0
go,episodes-create-help,273,6705.397,5824.000,2912.000,13148,765,0,64,0
go,episodes-create-help,274,7990.561,3316.000,6632.000,13244,828,0,90,0
rust,episodes-create-help,274,3113.249,0.000,3068.000,6828,351,0,1,0
rust,episodes-create-help,275,4038.156,1659.000,1659.000,6668,349,0,1,1
go,episodes-create-help,275,7986.994,4237.000,5649.000,13404,805,0,79,0
go,episodes-create-help,276,9602.470,7613.000,4350.000,13368,788,0,95,0
rust,episodes-create-help,276,2489.498,774.000,1548.000,6700,350,0,1,0
rust,episodes-create-help,277,4216.501,0.000,3988.000,6732,351,0,1,1
go,episodes-create-help,277,7192.241,6159.000,3695.000,13604,860,0,75,1
go,episodes-create-help,278,5529.499,1065.000,6391.000,13416,826,0,68,0
rust,episodes-create-help,278,2681.738,0.000,2596.000,6684,351,0,1,0
rust,episodes-create-help,279,2365.413,0.000,2248.000,6476,359,0,1,0
go,episodes-create-help,279,9374.390,4695.000,7043.000,13548,832,0,87,0
go,episodes-create-help,280,9703.961,8223.000,3524.000,13440,800,0,81,0
rust,episodes-create-help,280,2903.845,950.000,1900.000,6792,351,0,1,0
rust,episodes-create-help,281,3522.477,1152.000,2305.000,6776,351,0,1,0
go,episodes-create-help,281,5240.525,0.000,7050.000,13340,807,0,66,0
go,episodes-create-help,282,5032.144,1371.000,5486.000,13600,840,0,66,0
rust,episodes-create-help,282,2765.796,0.000,2686.000,6848,352,0,1,0
rust,episodes-create-help,283,2880.903,0.000,2811.000,6736,352,0,1,0
go,episodes-create-help,283,6019.680,1917.000,5753.000,13532,851,0,66,0
go,episodes-create-help,284,6747.257,3376.000,5065.000,13404,814,0,68,1
rust,episodes-create-help,284,2914.375,1904.000,952.000,6892,351,0,1,0
rust,episodes-create-help,285,2687.830,0.000,2597.000,6496,356,0,1,1
go,episodes-create-help,285,5022.276,5097.000,1274.000,13340,812,0,64,0
go,episodes-create-help,286,5403.711,2400.000,4801.000,13340,827,0,71,0
rust,episodes-create-help,286,2039.602,1950.000,0.000,6712,352,0,1,0
rust,episodes-create-help,287,2963.989,0.000,2835.000,6792,352,0,1,1
go,episodes-create-help,287,7638.610,4028.000,6042.000,13436,818,0,81,2
go,episodes-create-help,288,7301.667,3184.000,6369.000,13148,749,0,74,0
rust,episodes-create-help,288,3007.561,0.000,2905.000,6900,352,0,1,0
rust,episodes-create-help,289,1863.120,0.000,1724.000,6788,352,0,1,0
go,episodes-create-help,289,5632.232,2042.000,5106.000,13544,851,0,62,0
go,episodes-create-help,290,4597.457,1484.000,4454.000,13304,772,0,54,0
rust,episodes-create-help,290,1900.200,919.000,919.000,6780,351,0,1,0
rust,episodes-create-help,291,3459.370,842.000,2527.000,6812,350,0,1,1
go,episodes-create-help,291,6025.139,3160.000,4214.000,13472,862,0,69,0
go,episodes-create-help,292,7717.499,3690.000,6151.000,13180,769,0,78,0
rust,episodes-create-help,292,3400.900,2179.000,1089.000,6620,351,0,1,1
rust,episodes-create-help,293,2873.328,919.000,1839.000,6776,352,0,1,0
go,episodes-create-help,293,7217.078,0.000,8653.000,13548,827,0,91,0
go,episodes-create-help,294,7297.178,7831.000,1118.000,13432,829,0,74,0
rust,episodes-create-help,294,2564.858,820.000,1640.000,6648,351,0,1,0
rust,episodes-create-help,295,2924.354,1868.000,934.000,6404,358,0,1,0
go,episodes-create-help,295,5165.334,3404.000,3404.000,13180,769,0,66,0
go,episodes-create-help,296,5317.089,3923.000,2615.000,13276,788,0,59,0
rust,episodes-create-help,296,1986.882,950.000,950.000,6684,351,0,1,0
rust,episodes-create-help,297,4006.016,0.000,3876.000,6708,350,0,1,0
go,episodes-create-help,297,6062.730,4559.000,3039.000,13532,815,0,71,0
go,episodes-create-help,298,6046.809,3607.000,4809.000,13312,803,0,69,0
rust,episodes-create-help,298,3721.962,1201.000,2402.000,6692,351,0,1,1
rust,episodes-create-help,299,2588.543,0.000,2503.000,6772,351,0,1,0
go,episodes-create-help,299,5370.369,3019.000,4025.000,13436,798,0,67,0
